"DateTime","Players","Average Players"
"2023-02-26 00:00:00",3940,2502
"2023-02-27 00:00:00",23435,15465
"2023-02-28 00:00:00",22681,15061
"2023-03-01 00:00:00",19312,13701
"2023-03-02 00:00:00",20018,12547
"2023-03-03 00:00:00",16677,11113
"2023-03-04 00:00:00",16072,11670
"2023-03-05 00:00:00",14941,10175
"2023-03-06 00:00:00",11675,7392
"2023-03-07 00:00:00",10908,6796
"2023-03-08 00:00:00",12725,6865
"2023-03-09 00:00:00",14879,10207
"2023-03-10 00:00:00",12516,8054
"2023-03-11 00:00:00",11267,8386
"2023-03-12 00:00:00",10104,7160
"2023-03-13 00:00:00",8476,5392
"2023-03-14 00:00:00",8255,4980
"2023-03-15 00:00:00",8198,5123
"2023-03-16 00:00:00",16780,10418
"2023-03-17 00:00:00",13089,8552
"2023-03-18 00:00:00",12053,8976
"2023-03-19 00:00:00",10871,7810
"2023-03-20 00:00:00",10286,6497
"2023-03-21 00:00:00",9558,6274
"2023-03-22 00:00:00",8569,5725
"2023-03-23 00:00:00",19456,12199
"2023-03-24 00:00:00",14486,9687
"2023-03-25 00:00:00",13028,9917
"2023-03-26 00:00:00",12065,8450
"2023-03-27 00:00:00",10244,6622
"2023-03-28 00:00:00",10548,6546
"2023-03-29 00:00:00",9480,6293
"2023-03-30 00:00:00",14048,8631
"2023-03-31 00:00:00",17187,8676
"2023-04-01 00:00:00",12711,9619
"2023-04-02 00:00:00",11082,7865
"2023-04-03 00:00:00",10304,6304
"2023-04-04 00:00:00",10790,6608
"2023-04-05 00:00:00",9092,6602
"2023-04-06 00:00:00",30225,18150
"2023-04-07 00:00:00",24968,14064
"2023-04-08 00:00:00",18272,13585
"2023-04-09 00:00:00",14702,10569
"2023-04-10 00:00:00",12907,7845
"2023-04-11 00:00:00",11697,7140
"2023-04-12 00:00:00",10891,6785
"2023-04-13 00:00:00",11783,7004
"2023-04-14 00:00:00",11701,7163
"2023-04-15 00:00:00",10519,7816
"2023-04-16 00:00:00",9418,6671
"2023-04-17 00:00:00",8561,5241
"2023-04-18 00:00:00",8502,5337
"2023-04-19 00:00:00",8774,5503
"2023-04-20 00:00:00",26915,15926
"2023-04-21 00:00:00",21197,12275
"2023-04-22 00:00:00",16526,12423
"2023-04-23 00:00:00",14007,9877
"2023-04-24 00:00:00",13271,7955
"2023-04-25 00:00:00",13665,8206
"2023-04-26 00:00:00",11427,6898
"2023-04-27 00:00:00",12505,7154
"2023-04-28 00:00:00",12432,7626
"2023-04-29 00:00:00",10709,7829
"2023-04-30 00:00:00",9510,7047
"2023-05-01 00:00:00",8939,6212
"2023-05-02 00:00:00",8615,5659
"2023-05-03 00:00:00",8394,5587
"2023-05-04 00:00:00",16669,8818
"2023-05-05 00:00:00",9296,6639
"2023-05-06 00:00:00",9450,6309
"2023-05-07 00:00:00",8246,5877
"2023-05-08 00:00:00",8948,5370
"2023-05-09 00:00:00",8272,4885
"2023-05-10 00:00:00",7914,4743
"2023-05-11 00:00:00",9627,5767
"2023-05-12 00:00:00",9225,5783
"2023-05-13 00:00:00",8626,6313
"2023-05-14 00:00:00",7804,5542
"2023-05-15 00:00:00",7477,4557
"2023-05-16 00:00:00",7859,4710
"2023-05-17 00:00:00",8309,5167
"2023-05-18 00:00:00",11580,5889
"2023-05-19 00:00:00",7527,4688
"2023-05-20 00:00:00",6464,4848
"2023-05-21 00:00:00",6036,4141
"2023-05-22 00:00:00",5242,3271
"2023-05-23 00:00:00",5246,3250
"2023-05-24 00:00:00",5061,3219
"2023-05-25 00:00:00",7832,4839
"2023-05-26 00:00:00",7015,4454
"2023-05-27 00:00:00",6358,4666
"2023-05-28 00:00:00",5788,4068
"2023-05-29 00:00:00",5041,3513
"2023-05-30 00:00:00",5233,3277
"2023-05-31 00:00:00",5363,3288
"2023-06-01 00:00:00",24808,14198
"2023-06-02 00:00:00",12296,8004
"2023-06-03 00:00:00",9483,6880
"2023-06-04 00:00:00",7820,5436
"2023-06-05 00:00:00",6742,4508
"2023-06-06 00:00:00",6198,4366
"2023-06-07 00:00:00",5934,3851
"2023-06-08 00:00:00",21032,11637
"2023-06-09 00:00:00",12132,7736
"2023-06-10 00:00:00",9349,6869
"2023-06-11 00:00:00",8438,5779
"2023-06-12 00:00:00",7503,4648
"2023-06-13 00:00:00",7304,4399
"2023-06-14 00:00:00",7055,4405
"2023-06-15 00:00:00",25364,14635
"2023-06-16 00:00:00",13201,8540
"2023-06-17 00:00:00",10579,7803
"2023-06-18 00:00:00",9127,6392
"2023-06-19 00:00:00",7877,5002
"2023-06-20 00:00:00",7755,4825
"2023-06-21 00:00:00",7899,4911
"2023-06-22 00:00:00",9608,6001
"2023-06-23 00:00:00",8247,5543
"2023-06-24 00:00:00",7322,5323
"2023-06-25 00:00:00",6580,4851
"2023-06-26 00:00:00",6860,4380
"2023-06-27 00:00:00",6322,4182
"2023-06-28 00:00:00",7249,4511
"2023-06-29 00:00:00",25830,12866
"2023-06-30 00:00:00",13748,9019
"2023-07-01 00:00:00",11469,8382
"2023-07-02 00:00:00",10124,7162
"2023-07-03 00:00:00",9697,6005
"2023-07-04 00:00:00",8895,5754
"2023-07-05 00:00:00",8556,5577
"2023-07-06 00:00:00",18944,9541
"2023-07-07 00:00:00",11543,7465
"2023-07-08 00:00:00",9979,7198
"2023-07-09 00:00:00",9026,6393
"2023-07-10 00:00:00",8627,5424
"2023-07-11 00:00:00",8236,5206
"2023-07-12 00:00:00",8184,5121
"2023-07-13 00:00:00",21484,11412
"2023-07-14 00:00:00",12418,8242
"2023-07-15 00:00:00",10120,7517
"2023-07-16 00:00:00",8921,6545
"2023-07-17 00:00:00",9636,5889
"2023-07-18 00:00:00",8898,5778
"2023-07-19 00:00:00",8604,5479
"2023-07-20 00:00:00",21586,10899
"2023-07-21 00:00:00",11524,7694
"2023-07-22 00:00:00",9537,7023
"2023-07-23 00:00:00",8387,6209
"2023-07-24 00:00:00",9608,6104
"2023-07-25 00:00:00",8312,5565
"2023-07-26 00:00:00",6926,4798
"2023-07-27 00:00:00",29517,15974
"2023-07-28 00:00:00",14812,10800
"2023-07-29 00:00:00",11851,8994
"2023-07-30 00:00:00",10459,7809
"2023-07-31 00:00:00",9556,6665
"2023-08-01 00:00:00",8808,6154
"2023-08-02 00:00:00",8676,5965
"2023-08-03 00:00:00",11189,6725
"2023-08-04 00:00:00",8484,5927
"2023-08-05 00:00:00",7737,5828
"2023-08-06 00:00:00",7357,5482
"2023-08-07 00:00:00",7260,4993
"2023-08-08 00:00:00",7253,5002
"2023-08-09 00:00:00",7858,5424
"2023-08-10 00:00:00",12830,6266
"2023-08-11 00:00:00",5912,4356
"2023-08-12 00:00:00",5287,3968
"2023-08-13 00:00:00",4759,3572
"2023-08-14 00:00:00",4568,3267
"2023-08-15 00:00:00",4359,3127
"2023-08-16 00:00:00",4292,2998
"2023-08-17 00:00:00",7131,4067
"2023-08-18 00:00:00",5411,3536
"2023-08-19 00:00:00",4650,3504
"2023-08-20 00:00:00",4308,3138
"2023-08-21 00:00:00",4446,2879
"2023-08-22 00:00:00",4235,2847
"2023-08-23 00:00:00",4414,3006
"2023-08-24 00:00:00",12861,6235
"2023-08-25 00:00:00",5710,4000
"2023-08-26 00:00:00",5119,3790
"2023-08-27 00:00:00",4620,3299
"2023-08-28 00:00:00",5484,3622
"2023-08-29 00:00:00",4740,3230
"2023-08-30 00:00:00",4821,3224
"2023-08-31 00:00:00",7830,4394
"2023-09-01 00:00:00",6099,3743
"2023-09-02 00:00:00",5268,3888
"2023-09-03 00:00:00",4733,3277
"2023-09-04 00:00:00",4235,2705
"2023-09-05 00:00:00",4189,2639
"2023-09-06 00:00:00",4285,2700
"2023-09-07 00:00:00",10209,5277
"2023-09-08 00:00:00",6524,4121
"2023-09-09 00:00:00",5716,4253
"2023-09-10 00:00:00",5326,3653
"2023-09-11 00:00:00",4468,2801
"2023-09-12 00:00:00",4441,2791
"2023-09-13 00:00:00",4700,2970
"2023-09-14 00:00:00",14752,8692
"2023-09-15 00:00:00",13372,7734
"2023-09-16 00:00:00",11420,8286
"2023-09-17 00:00:00",9484,6538
"2023-09-18 00:00:00",7808,4754
"2023-09-19 00:00:00",7331,4452
"2023-09-20 00:00:00",7000,4362
"2023-09-21 00:00:00",11281,6666
"2023-09-22 00:00:00",10485,5935
"2023-09-23 00:00:00",9268,6664
"2023-09-24 00:00:00",8063,5484
"2023-09-25 00:00:00",6419,3934
"2023-09-26 00:00:00",6086,3789
"2023-09-27 00:00:00",6011,3822
"2023-09-28 00:00:00",7774,5019
"2023-09-29 00:00:00",6673,4772
"2023-09-30 00:00:00",6227,4675
"2023-10-01 00:00:00",5591,4195
"2023-10-02 00:00:00",5060,3701
"2023-10-03 00:00:00",4843,3633
"2023-10-04 00:00:00",5486,3865
"2023-10-05 00:00:00",8238,4826
"2023-10-06 00:00:00",5635,3958
"2023-10-07 00:00:00",5375,3796
"2023-10-08 00:00:00",4779,3439
"2023-10-09 00:00:00",4361,2961
"2023-10-10 00:00:00",4316,2755
"2023-10-11 00:00:00",4405,2807
"2023-10-12 00:00:00",7156,4263
"2023-10-13 00:00:00",6519,3866
"2023-10-14 00:00:00",5790,4199
"2023-10-15 00:00:00",5243,3666
"2023-10-16 00:00:00",4148,2550
"2023-10-17 00:00:00",3953,2442
"2023-10-18 00:00:00",4093,2559
"2023-10-19 00:00:00",7116,4152
"2023-10-20 00:00:00",6338,3858
"2023-10-21 00:00:00",5852,4276
"2023-10-22 00:00:00",5085,3502
"2023-10-23 00:00:00",4236,2632
"2023-10-24 00:00:00",4267,2631
"2023-10-25 00:00:00",4586,2831
"2023-10-26 00:00:00",13448,6203
"2023-10-27 00:00:00",6859,4256
"2023-10-28 00:00:00",6180,4574
"2023-10-29 00:00:00",5510,3738
"2023-10-30 00:00:00",4480,2780
"2023-10-31 00:00:00",4353,2748
"2023-11-01 00:00:00",4578,2953
"2023-11-02 00:00:00",6812,4087
"2023-11-03 00:00:00",5755,3667
"2023-11-04 00:00:00",5349,3999
"2023-11-05 00:00:00",4882,3301
"2023-11-06 00:00:00",4103,2547
"2023-11-07 00:00:00",4075,2548
"2023-11-08 00:00:00",4097,2621
"2023-11-09 00:00:00",8194,4372
"2023-11-10 00:00:00",5915,3598
"2023-11-11 00:00:00",5447,3945
"2023-11-12 00:00:00",4731,3367
"2023-11-13 00:00:00",4344,2648
"2023-11-14 00:00:00",4452,2821
"2023-11-15 00:00:00",5217,3187
"2023-11-16 00:00:00",20266,9880
"2023-11-17 00:00:00",9649,6143
"2023-11-18 00:00:00",8295,5974
"2023-11-19 00:00:00",6902,4623
"2023-11-20 00:00:00",5260,3437
"2023-11-21 00:00:00",4953,3218
"2023-11-22 00:00:00",4818,3212
"2023-11-23 00:00:00",18271,9780
"2023-11-24 00:00:00",9031,5988
"2023-11-25 00:00:00",7912,5879
"2023-11-26 00:00:00",6962,4728
"2023-11-27 00:00:00",5977,3772
"2023-11-28 00:00:00",5541,3552
"2023-11-29 00:00:00",5801,3719
"2023-11-30 00:00:00",22307,13727
"2023-12-01 00:00:00",12664,8130
"2023-12-02 00:00:00",11098,8058
"2023-12-03 00:00:00",9054,6172
"2023-12-04 00:00:00",7630,4698
"2023-12-05 00:00:00",6707,4322
"2023-12-06 00:00:00",6502,4224
"2023-12-07 00:00:00",13524,6631
"2023-12-08 00:00:00",8131,5155
"2023-12-09 00:00:00",7423,5505
"2023-12-10 00:00:00",6858,4616
"2023-12-11 00:00:00",5789,3692
"2023-12-12 00:00:00",5485,3597
"2023-12-13 00:00:00",5992,4027
"2023-12-14 00:00:00",16011,9147
"2023-12-15 00:00:00",11748,7657
"2023-12-16 00:00:00",10839,7719
"2023-12-17 00:00:00",9396,6395
"2023-12-18 00:00:00",8206,5157
"2023-12-19 00:00:00",7904,5003
"2023-12-20 00:00:00",7658,4829
"2023-12-21 00:00:00",16735,9054
"2023-12-22 00:00:00",11691,7316
"2023-12-23 00:00:00",10383,7386
"2023-12-24 00:00:00",9215,6336
"2023-12-25 00:00:00",7734,5308
"2023-12-26 00:00:00",7435,4909
"2023-12-27 00:00:00",7252,4778
"2023-12-28 00:00:00",19154,11793
"2023-12-29 00:00:00",14558,9724
"2023-12-30 00:00:00",12711,9295
"2023-12-31 00:00:00",11474,8378
"2024-01-01 00:00:00",10191,7209
"2024-01-02 00:00:00",8696,5903
"2024-01-03 00:00:00",8715,5848
"2024-01-04 00:00:00",11843,7451
"2024-01-05 00:00:00",11982,7487
"2024-01-06 00:00:00",11006,7949
"2024-01-07 00:00:00",9956,6941
"2024-01-08 00:00:00",9123,5937
"2024-01-09 00:00:00",8613,5793
"2024-01-10 00:00:00",8736,5724
"2024-01-11 00:00:00",28563,15049
"2024-01-12 00:00:00",14777,10014
"2024-01-13 00:00:00",13051,9559
"2024-01-14 00:00:00",11580,8014
"2024-01-15 00:00:00",9515,6392
"2024-01-16 00:00:00",8910,6054
"2024-01-17 00:00:00",9092,6048
"2024-01-18 00:00:00",12672,7940
"2024-01-19 00:00:00",11044,7250
"2024-01-20 00:00:00",10076,7338
"2024-01-21 00:00:00",9047,6459
"2024-01-22 00:00:00",8259,5574
"2024-01-23 00:00:00",8201,5547
"2024-01-24 00:00:00",8905,6125
"2024-01-25 00:00:00",14735,7813
"2024-01-26 00:00:00",9319,6251
"2024-01-27 00:00:00",8429,6187
"2024-01-28 00:00:00",7667,5533
"2024-01-29 00:00:00",7440,4995
"2024-01-30 00:00:00",7952,5214
"2024-01-31 00:00:00",8495,5755
"2024-02-01 00:00:00",19831,11475
"2024-02-02 00:00:00",12949,8969
"2024-02-03 00:00:00",10610,7781
"2024-02-04 00:00:00",9187,6670
"2024-02-05 00:00:00",8787,5867
"2024-02-06 00:00:00",7873,5398
"2024-02-07 00:00:00",7891,5443
"2024-02-08 00:00:00",24029,10897
"2024-02-09 00:00:00",9522,7278
"2024-02-10 00:00:00",8420,6170
"2024-02-11 00:00:00",7983,5652
"2024-02-12 00:00:00",7328,5188
"2024-02-13 00:00:00",7044,4854
"2024-02-14 00:00:00",7088,4954
"2024-02-15 00:00:00",11663,6737
"2024-02-16 00:00:00",10572,6627
"2024-02-17 00:00:00",9088,6781
"2024-02-18 00:00:00",8332,6119
"2024-02-19 00:00:00",8639,5759
"2024-02-20 00:00:00",8100,5575
"2024-02-21 00:00:00",8218,5617
"2024-02-22 00:00:00",35567,19359
"2024-02-23 00:00:00",19111,13892
"2024-02-24 00:00:00",16671,12397
"2024-02-25 00:00:00",13527,9766
"2024-02-26 00:00:00",11851,7933
"2024-02-27 00:00:00",11842,7816
"2024-02-28 00:00:00",11211,7395
"2024-02-29 00:00:00",14599,8988
"2024-03-01 00:00:00",12676,8246
"2024-03-02 00:00:00",12057,8680
"2024-03-03 00:00:00",11060,7422
"2024-03-04 00:00:00",9272,5711
"2024-03-05 00:00:00",9316,5643
"2024-03-06 00:00:00",9581,5969
"2024-03-07 00:00:00",17430,9115
"2024-03-08 00:00:00",12626,7776
"2024-03-09 00:00:00",11759,8494
"2024-03-10 00:00:00",10618,7165
"2024-03-11 00:00:00",8967,5447
"2024-03-12 00:00:00",8743,5296
"2024-03-13 00:00:00",8804,5461
"2024-03-14 00:00:00",14145,7931
"2024-03-15 00:00:00",11972,7256
"2024-03-16 00:00:00",10782,7990
"2024-03-17 00:00:00",9920,6757
"2024-03-18 00:00:00",8991,5363
"2024-03-19 00:00:00",8864,5392
"2024-03-20 00:00:00",9074,5691
"2024-03-21 00:00:00",13833,7548
"2024-03-22 00:00:00",10633,6525
"2024-03-23 00:00:00",9774,7130
"2024-03-24 00:00:00",8742,5984
"2024-03-25 00:00:00",7738,4755
"2024-03-26 00:00:00",7814,4699
"2024-03-27 00:00:00",8137,4793
"2024-03-28 00:00:00",26694,13961
"2024-03-29 00:00:00",13754,8598
"2024-03-30 00:00:00",11128,8145
"2024-03-31 00:00:00",9661,6554
"2024-04-01 00:00:00",8082,5007
"2024-04-02 00:00:00",7356,4598
"2024-04-03 00:00:00",9288,5396
"2024-04-04 00:00:00",26712,14398
"2024-04-05 00:00:00",13394,9524
"2024-04-06 00:00:00",10714,7938
"2024-04-07 00:00:00",9034,6389
"2024-04-08 00:00:00",8474,5269
"2024-04-09 00:00:00",8719,5320
"2024-04-10 00:00:00",8967,5846
"2024-04-11 00:00:00",28838,18105
"2024-04-12 00:00:00",21646,13154
"2024-04-13 00:00:00",16646,12263
"2024-04-14 00:00:00",14154,9685
"2024-04-15 00:00:00",11196,6855
"2024-04-16 00:00:00",10328,6401
"2024-04-17 00:00:00",10475,6423
"2024-04-18 00:00:00",20289,10889
"2024-04-19 00:00:00",14319,8898
"2024-04-20 00:00:00",13206,9542
"2024-04-21 00:00:00",11541,7830
"2024-04-22 00:00:00",9337,5800
"2024-04-23 00:00:00",10049,6081
"2024-04-24 00:00:00",9662,6110
"2024-04-25 00:00:00",13838,7977
"2024-04-26 00:00:00",12813,7624
"2024-04-27 00:00:00",10897,7831
"2024-04-28 00:00:00",8822,6322
"2024-04-29 00:00:00",9300,5853
"2024-04-30 00:00:00",11067,6852
"2024-05-01 00:00:00",11017,8271
"2024-05-02 00:00:00",38950,23484
"2024-05-03 00:00:00",24635,17427
"2024-05-04 00:00:00",20360,15491
"2024-05-05 00:00:00",17369,13034
"2024-05-06 00:00:00",15746,10436
"2024-05-07 00:00:00",14860,8909
"2024-05-08 00:00:00",13626,8366
"2024-05-09 00:00:00",20184,12081
"2024-05-10 00:00:00",16126,10080
"2024-05-11 00:00:00",16507,10750
"2024-05-12 00:00:00",14274,9791
"2024-05-13 00:00:00",12369,7434
"2024-05-14 00:00:00",12314,7463
"2024-05-15 00:00:00",12130,8016
"2024-05-16 00:00:00",20192,11978
"2024-05-17 00:00:00",16646,10276
"2024-05-18 00:00:00",14622,10654
"2024-05-19 00:00:00",12941,8858
"2024-05-20 00:00:00",10784,6586
"2024-05-21 00:00:00",10276,6290
"2024-05-22 00:00:00",10469,6458
"2024-05-23 00:00:00",14053,8368
"2024-05-24 00:00:00",12784,7782
"2024-05-25 00:00:00",11606,8382
"2024-05-26 00:00:00",10253,7031
"2024-05-27 00:00:00",8811,5525
"2024-05-28 00:00:00",8707,5370
"2024-05-29 00:00:00",9025,5581
"2024-05-30 00:00:00",13563,8216
"2024-05-31 00:00:00",12235,7353
"2024-06-01 00:00:00",10691,7891
"2024-06-02 00:00:00",9888,6786
"2024-06-03 00:00:00",8525,5280
"2024-06-04 00:00:00",8831,5408
"2024-06-05 00:00:00",9835,5852
"2024-06-06 00:00:00",12014,8188
"2024-06-07 00:00:00",12386,7444
"2024-06-08 00:00:00",10416,7832
"2024-06-09 00:00:00",9546,7124
"2024-06-10 00:00:00",9124,6188
"2024-06-11 00:00:00",8715,5626
"2024-06-12 00:00:00",9256,5849
"2024-06-13 00:00:00",33023,18997
"2024-06-14 00:00:00",20593,13433
"2024-06-15 00:00:00",18511,13154
"2024-06-16 00:00:00",16318,11257
"2024-06-17 00:00:00",13264,8577
"2024-06-18 00:00:00",13341,8378
"2024-06-19 00:00:00",12079,7890
"2024-06-20 00:00:00",15093,9400
"2024-06-21 00:00:00",13608,8616
"2024-06-22 00:00:00",12391,9240
"2024-06-23 00:00:00",11467,8049
"2024-06-24 00:00:00",10373,6840
"2024-06-25 00:00:00",9819,6610
"2024-06-26 00:00:00",10394,6912
"2024-06-27 00:00:00",19726,11033
"2024-06-28 00:00:00",13151,8713
"2024-06-29 00:00:00",11823,8724
"2024-06-30 00:00:00",10835,7718
"2024-07-01 00:00:00",9836,6656
"2024-07-02 00:00:00",9687,6667
"2024-07-03 00:00:00",10710,7110
"2024-07-04 00:00:00",21872,13277
"2024-07-05 00:00:00",15832,10699
"2024-07-06 00:00:00",13676,10079
"2024-07-07 00:00:00",11898,8853
"2024-07-08 00:00:00",11518,7738
"2024-07-09 00:00:00",11211,7599
"2024-07-10 00:00:00",12467,8340
"2024-07-11 00:00:00",18126,9906
"2024-07-12 00:00:00",11093,7630
"2024-07-13 00:00:00",9841,7302
"2024-07-14 00:00:00",9100,6716
"2024-07-15 00:00:00",8660,6029
"2024-07-16 00:00:00",8946,5989
"2024-07-17 00:00:00",9292,6280
"2024-07-18 00:00:00",13825,8131
"2024-07-19 00:00:00",10290,7016
"2024-07-20 00:00:00",9168,6913
"2024-07-21 00:00:00",8623,6367
"2024-07-22 00:00:00",8590,5880
"2024-07-23 00:00:00",8389,5939
"2024-07-24 00:00:00",9046,6252
"2024-07-25 00:00:00",21645,10412
"2024-07-26 00:00:00",14030,8737
"2024-07-27 00:00:00",11367,8479
"2024-07-28 00:00:00",10254,7630
"2024-07-29 00:00:00",9824,6920
"2024-07-30 00:00:00",9620,6663
"2024-07-31 00:00:00",9420,6691
"2024-08-01 00:00:00",14659,8444
"2024-08-02 00:00:00",10449,7363
"2024-08-03 00:00:00",9298,7050
"2024-08-04 00:00:00",8780,6550
"2024-08-05 00:00:00",8737,6127
"2024-08-06 00:00:00",8769,6176
"2024-08-07 00:00:00",9231,6438
"2024-08-08 00:00:00",37979,20826
"2024-08-09 00:00:00",19971,14617
"2024-08-10 00:00:00",17792,13278
"2024-08-11 00:00:00",15757,11663
"2024-08-12 00:00:00",14058,10074
"2024-08-13 00:00:00",13703,9549
"2024-08-14 00:00:00",14188,9364
"2024-08-15 00:00:00",16804,11632
"2024-08-16 00:00:00",14477,9951
"2024-08-17 00:00:00",13346,9976
"2024-08-18 00:00:00",12214,9153
"2024-08-19 00:00:00",12550,8425
"2024-08-20 00:00:00",11233,7736
"2024-08-21 00:00:00",11830,8073
"2024-08-22 00:00:00",37347,17566
"2024-08-23 00:00:00",16785,13840
"2024-08-24 00:00:00",14742,9976
"2024-08-25 00:00:00",13150,9906
"2024-08-26 00:00:00",12413,8404
"2024-08-27 00:00:00",14959,9916
"2024-08-28 00:00:00",13495,9364
"2024-08-29 00:00:00",18141,11534
"2024-08-30 00:00:00",16750,10917
"2024-08-31 00:00:00",14872,11220
"2024-09-01 00:00:00",13319,9698
"2024-09-02 00:00:00",13083,8284
"2024-09-03 00:00:00",13114,8329
"2024-09-04 00:00:00",14409,9172
"2024-09-05 00:00:00",48398,23314
"2024-09-06 00:00:00",24083,15253
"2024-09-07 00:00:00",19992,14848
"2024-09-08 00:00:00",17514,11981
"2024-09-09 00:00:00",13838,8614
"2024-09-10 00:00:00",13093,8011
"2024-09-11 00:00:00",13250,8248
"2024-09-12 00:00:00",19896,11732
"2024-09-13 00:00:00",15715,10035
"2024-09-14 00:00:00",16471,10857
"2024-09-15 00:00:00",14864,11063
"2024-09-16 00:00:00",13939,10140
"2024-09-17 00:00:00",12679,9293
"2024-09-18 00:00:00",13237,8738
"2024-09-19 00:00:00",19396,11155
"2024-09-20 00:00:00",15088,9468
"2024-09-21 00:00:00",14209,10234
"2024-09-22 00:00:00",12742,8744
"2024-09-23 00:00:00",10625,6671
"2024-09-24 00:00:00",10808,6583
"2024-09-25 00:00:00",10846,6825
"2024-09-26 00:00:00",16174,9552
"2024-09-27 00:00:00",15712,9314
"2024-09-28 00:00:00",13458,9996
"2024-09-29 00:00:00",11953,8456
"2024-09-30 00:00:00",14701,8751
"2024-10-01 00:00:00",12859,9472
"2024-10-02 00:00:00",13327,8874
"2024-10-03 00:00:00",25053,14536
"2024-10-04 00:00:00",16539,11799
"2024-10-05 00:00:00",14564,11242
"2024-10-06 00:00:00",13233,10051
"2024-10-07 00:00:00",12151,8306
"2024-10-08 00:00:00",12450,7842
"2024-10-09 00:00:00",13021,8032
"2024-10-10 00:00:00",46471,22661
"2024-10-11 00:00:00",21776,14232
"2024-10-12 00:00:00",20891,13785
"2024-10-13 00:00:00",19305,12937
"2024-10-14 00:00:00",14637,9233
"2024-10-15 00:00:00",13929,8595
"2024-10-16 00:00:00",14012,8717
"2024-10-17 00:00:00",42397,22222
"2024-10-18 00:00:00",23921,15352
"2024-10-19 00:00:00",22159,16367
"2024-10-20 00:00:00",19301,13276
"2024-10-21 00:00:00",15742,9926
"2024-10-22 00:00:00",15733,9901
"2024-10-23 00:00:00",16168,10233
"2024-10-24 00:00:00",50458,31672
"2024-10-25 00:00:00",31814,20876
"2024-10-26 00:00:00",29920,21072
"2024-10-27 00:00:00",26493,18133
"2024-10-28 00:00:00",20117,12455
"2024-10-29 00:00:00",18606,11662
"2024-10-30 00:00:00",18491,11639
"2024-10-31 00:00:00",30854,16909
"2024-11-01 00:00:00",22455,14187
"2024-11-02 00:00:00",21350,15921
"2024-11-03 00:00:00",19118,13243
"2024-11-04 00:00:00",15768,10215
"2024-11-05 00:00:00",16375,10212
"2024-11-06 00:00:00",16203,10374
"2024-11-07 00:00:00",20541,12812
"2024-11-08 00:00:00",20352,12746
"2024-11-09 00:00:00",19421,14512
"2024-11-10 00:00:00",17823,12353
"2024-11-11 00:00:00",15229,9670
"2024-11-12 00:00:00",15071,9473
"2024-11-13 00:00:00",15587,10092
"2024-11-14 00:00:00",34231,17863
"2024-11-15 00:00:00",21710,14324
"2024-11-16 00:00:00",20356,15248
"2024-11-17 00:00:00",20273,13439
"2024-11-18 00:00:00",16769,10336
"2024-11-19 00:00:00",15734,10100
"2024-11-20 00:00:00",16084,10380
"2024-11-21 00:00:00",20836,12758
"2024-11-22 00:00:00",28213,14803
"2024-11-23 00:00:00",23462,17229
"2024-11-24 00:00:00",21939,15191
"2024-11-25 00:00:00",19115,11918
"2024-11-26 00:00:00",19155,12077
"2024-11-27 00:00:00",21509,13824
"2024-11-28 00:00:00",38271,20988
"2024-11-29 00:00:00",26722,16731
"2024-11-30 00:00:00",24842,17776
"2024-12-01 00:00:00",22047,14953
"2024-12-02 00:00:00",18662,11385
"2024-12-03 00:00:00",18523,11293
"2024-12-04 00:00:00",17824,10850
"2024-12-05 00:00:00",33499,18127
"2024-12-06 00:00:00",25556,15553
"2024-12-07 00:00:00",23482,16978
"2024-12-08 00:00:00",21494,14423
"2024-12-09 00:00:00",17862,11301
"2024-12-10 00:00:00",17751,11308
"2024-12-11 00:00:00",18429,11732
"2024-12-12 00:00:00",43440,21443
"2024-12-13 00:00:00",27155,17478
"2024-12-14 00:00:00",25335,18294
"2024-12-15 00:00:00",23761,15565
"2024-12-16 00:00:00",18109,11701
"2024-12-17 00:00:00",17827,11424
"2024-12-18 00:00:00",17998,11559
"2024-12-19 00:00:00",30069,16789
"2024-12-20 00:00:00",22222,14248
"2024-12-21 00:00:00",20264,14826
"2024-12-22 00:00:00",18486,12570
"2024-12-23 00:00:00",15465,10321
"2024-12-24 00:00:00",15253,10148
"2024-12-25 00:00:00",15190,10498
"2024-12-26 00:00:00",37085,22169
"2024-12-27 00:00:00",26342,17767
"2024-12-28 00:00:00",23345,17248
"2024-12-29 00:00:00",21265,14692
"2024-12-30 00:00:00",18052,12568
"2024-12-31 00:00:00",20169,13980
"2025-01-01 00:00:00",20075,14479
"2025-01-02 00:00:00",24523,14989
"2025-01-03 00:00:00",22388,14627
"2025-01-04 00:00:00",20151,15054
"2025-01-05 00:00:00",18909,13486
"2025-01-06 00:00:00",17318,11781
"2025-01-07 00:00:00",17056,11741
"2025-01-08 00:00:00",18269,12405
"2025-01-09 00:00:00",69372,33274
"2025-01-10 00:00:00",31230,22030
"2025-01-11 00:00:00",28176,21013
"2025-01-12 00:00:00",24717,17861
"2025-01-13 00:00:00",20616,14491
"2025-01-14 00:00:00",20758,14057
"2025-01-15 00:00:00",19826,13960
"2025-01-16 00:00:00",28891,17651
"2025-01-17 00:00:00",23368,16048
"2025-01-18 00:00:00",21970,16682
"2025-01-19 00:00:00",20083,15194
"2025-01-20 00:00:00",19716,13866
"2025-01-21 00:00:00",19756,13831
"2025-01-22 00:00:00",21264,14911
"2025-01-23 00:00:00",54362,30836
"2025-01-24 00:00:00",29307,21729
"2025-01-25 00:00:00",25358,19373
"2025-01-26 00:00:00",24664,18334
"2025-01-27 00:00:00",23219,16348
"2025-01-28 00:00:00",20623,15569
"2025-01-29 00:00:00",20506,14836
"2025-01-30 00:00:00",27029,19002
"2025-01-31 00:00:00",23923,16673
"2025-02-01 00:00:00",21747,16307
"2025-02-02 00:00:00",20253,15129
"2025-02-03 00:00:00",20243,13961
"2025-02-04 00:00:00",19813,13959
"2025-02-05 00:00:00",19762,13898
"2025-02-06 00:00:00",59650,33703
"2025-02-07 00:00:00",33118,24423
"2025-02-08 00:00:00",29667,22560
"2025-02-09 00:00:00",26553,20217
"2025-02-10 00:00:00",24412,17463
"2025-02-11 00:00:00",24232,17235
"2025-02-12 00:00:00",23506,17144
"2025-02-13 00:00:00",33743,20213
"2025-02-14 00:00:00",25171,17587
"2025-02-15 00:00:00",24649,18460
"2025-02-16 00:00:00",22327,16888
"2025-02-17 00:00:00",21717,14844
"2025-02-18 00:00:00",21813,14952
"2025-02-19 00:00:00",23777,16420
"2025-02-20 00:00:00",52235,29440
"2025-02-21 00:00:00",29962,20622
"2025-02-22 00:00:00",29552,21385
"2025-02-23 00:00:00",25588,17792
"2025-02-24 00:00:00",21524,14232
"2025-02-25 00:00:00",21151,14083
"2025-02-26 00:00:00",21864,14801
"2025-02-27 00:00:00",53324,30233
"2025-02-28 00:00:00",36086,23968
"2025-03-01 00:00:00",31888,24196
"2025-03-02 00:00:00",30112,21105
"2025-03-03 00:00:00",24747,16815
"2025-03-04 00:00:00",25056,16053
"2025-03-05 00:00:00",25051,16413
"2025-03-06 00:00:00",44544,25765
"2025-03-07 00:00:00",34923,22720
"2025-03-08 00:00:00",32332,24592
"2025-03-09 00:00:00",29890,20658
"2025-03-10 00:00:00",24460,15704
"2025-03-11 00:00:00",24730,15768
"2025-03-12 00:00:00",24368,15895
"2025-03-13 00:00:00",34611,21761
"2025-03-14 00:00:00",31987,20163
"2025-03-15 00:00:00",29109,21835
"2025-03-16 00:00:00",26354,18568
"2025-03-17 00:00:00",22495,14279
"2025-03-18 00:00:00",21911,14110
"2025-03-19 00:00:00",22053,14211
"2025-03-20 00:00:00",62403,38073
"2025-03-21 00:00:00",45972,30677
"2025-03-22 00:00:00",43340,31917
"2025-03-23 00:00:00",39221,27409
"2025-03-24 00:00:00",30984,20544
"2025-03-25 00:00:00",30224,19312
"2025-03-26 00:00:00",29193,19038
"2025-03-27 00:00:00",35952,22614
"2025-03-28 00:00:00",33944,21857
"2025-03-29 00:00:00",32030,24120
"2025-03-30 00:00:00",28662,20479
"2025-03-31 00:00:00",33070,18253
"2025-04-01 00:00:00",26896,17797
"2025-04-02 00:00:00",24112,15771
"2025-04-03 00:00:00",36700,22047
"2025-04-04 00:00:00",29225,20975
"2025-04-05 00:00:00",27128,20635
"2025-04-06 00:00:00",24323,17978
"2025-04-07 00:00:00",21422,13949
"2025-04-08 00:00:00",22516,14060
"2025-04-09 00:00:00",21987,14118
"2025-04-10 00:00:00",28252,17074
"2025-04-11 00:00:00",29834,18643
"2025-04-12 00:00:00",27753,21165
"2025-04-13 00:00:00",25520,18523
"2025-04-14 00:00:00",22742,14664
"2025-04-15 00:00:00",23310,14872
"2025-04-16 00:00:00",26032,16578
"2025-04-17 00:00:00",25496,16037
"2025-04-18 00:00:00",24907,15420
"2025-04-19 00:00:00",21686,16477
"2025-04-20 00:00:00",19768,14244
"2025-04-21 00:00:00",17781,11330
"2025-04-22 00:00:00",17588,11235
"2025-04-23 00:00:00",18382,11847
"2025-04-24 00:00:00",23686,14913
"2025-04-25 00:00:00",22654,14367
"2025-04-26 00:00:00",20050,14721
"2025-04-27 00:00:00",16190,11993
"2025-04-28 00:00:00",15867,10411
"2025-04-29 00:00:00",16035,10661
"2025-04-30 00:00:00",24762,15296
"2025-05-01 00:00:00",25514,18632
"2025-05-02 00:00:00",20848,15461
"2025-05-03 00:00:00",18899,15036
"2025-05-04 00:00:00",18000,14088
"2025-05-05 00:00:00",16934,12737
"2025-05-06 00:00:00",16743,11982
"2025-05-07 00:00:00",18293,12043
"2025-05-08 00:00:00",24028,15439
"2025-05-09 00:00:00",24458,15306
"2025-05-10 00:00:00",22885,17724
"2025-05-11 00:00:00",20961,15432
"2025-05-12 00:00:00",19281,12591
"2025-05-13 00:00:00",19581,12948
"2025-05-14 00:00:00",22256,13118
"2025-05-15 00:00:00",68866,35182
"2025-05-16 00:00:00",36682,24501
"2025-05-17 00:00:00",33561,25776
"2025-05-18 00:00:00",29295,21024
"2025-05-19 00:00:00",12664,16447
"2025-05-19 01:00:00",13680,16425
"2025-05-19 02:00:00",14792,16409
"2025-05-19 03:00:00",15691,16399
"2025-05-19 04:00:00",18168,16387
"2025-05-19 05:00:00",17785,16373
"2025-05-19 06:00:00",15401,16363
"2025-05-19 07:00:00",15691,16363
"2025-05-19 08:00:00",16696,16342
"2025-05-19 09:00:00",18398,16324
"2025-05-19 10:00:00",20691,16285
"2025-05-19 11:00:00",22017,16235
"2025-05-19 12:00:00",23166,16195
"2025-05-19 13:00:00",23809,16150
"2025-05-19 14:00:00",23820,16108
"2025-05-19 15:00:00",22093,16061
"2025-05-19 16:00:00",18003,16009
"2025-05-19 17:00:00",14333,15956
"2025-05-19 18:00:00",12291,15909
"2025-05-19 19:00:00",11164,15865
"2025-05-19 20:00:00",10370,15820
"2025-05-19 21:00:00",11666,15782
"2025-05-19 22:00:00",11213,15752
"2025-05-19 23:00:00",11133,15726
"2025-05-20 00:00:00",12245,15712
"2025-05-20 01:00:00",13359,15702
"2025-05-20 02:00:00",14588,15693
"2025-05-20 03:00:00",15383,15670
"2025-05-20 04:00:00",17800,15641
"2025-05-20 05:00:00",17573,15586
"2025-05-20 06:00:00",15412,15530
"2025-05-20 07:00:00",15190,15488
"2025-05-20 08:00:00",16188,15461
"2025-05-20 09:00:00",17309,15425
"2025-05-20 10:00:00",19311,15407
"2025-05-20 11:00:00",20816,15386
"2025-05-20 12:00:00",21833,15371
"2025-05-20 13:00:00",22529,15362
"2025-05-20 14:00:00",22465,15345
"2025-05-20 15:00:00",20761,15329
"2025-05-20 16:00:00",16737,15321
"2025-05-20 17:00:00",13280,15324
"2025-05-20 18:00:00",11370,15333
"2025-05-20 19:00:00",10223,15340
"2025-05-20 20:00:00",9572,15346
"2025-05-20 21:00:00",11070,15346
"2025-05-20 22:00:00",10707,15382
"2025-05-20 23:00:00",10775,15436
"2025-05-21 00:00:00",11973,15465
"2025-05-21 01:00:00",13122,15418
"2025-05-21 02:00:00",14018,15296
"2025-05-21 03:00:00",14628,14835
"2025-05-21 04:00:00",16413,16102
"2025-05-21 05:00:00",16147,17860
"2025-05-21 06:00:00",14360,19630
"2025-05-21 07:00:00",14489,21337
"2025-05-21 08:00:00",15305,22957
"2025-05-21 09:00:00",16887,24524
"2025-05-21 10:00:00",18807,26075
"2025-05-21 11:00:00",20484,27633
"2025-05-21 12:00:00",21650,29213
"2025-05-21 13:00:00",22146,30789
"2025-05-21 14:00:00",22115,32345
"2025-05-21 15:00:00",20605,33881
"2025-05-21 16:00:00",16858,35330
"2025-05-21 17:00:00",13542,36537
"2025-05-21 18:00:00",11594,37526
"2025-05-21 19:00:00",10413,38338
"2025-05-21 20:00:00",9590,39030
"2025-05-21 21:00:00",12011,39653
"2025-05-21 22:00:00",12101,40129
"2025-05-21 23:00:00",11532,40556
"2025-05-22 00:00:00",10780,40949
"2025-05-22 01:00:00",10017,41395
"2025-05-22 02:00:00",2147,41885
"2025-05-22 03:00:00",47476,42917
"2025-05-22 04:00:00",62066,42347
"2025-05-22 05:00:00",62237,41352
"2025-05-22 06:00:00",58939,40353
"2025-05-22 07:00:00",56913,39367
"2025-05-22 08:00:00",56489,38447
"2025-05-22 09:00:00",57741,37622
"2025-05-22 10:00:00",59982,36844
"2025-05-22 11:00:00",62347,36142
"2025-05-22 12:00:00",63523,35476
"2025-05-22 13:00:00",63652,34838
"2025-05-22 14:00:00",63190,34246
"2025-05-22 15:00:00",59484,33669
"2025-05-22 16:00:00",49476,33127
"2025-05-22 17:00:00",40480,32727
"2025-05-22 18:00:00",33944,32418
"2025-05-22 19:00:00",29668,32179
"2025-05-22 20:00:00",26983,31963
"2025-05-22 21:00:00",25516,31746
"2025-05-22 22:00:00",24387,31577
"2025-05-22 23:00:00",23155,31433
"2025-05-23 00:00:00",24072,31403
"2025-05-23 01:00:00",25562,31457
"2025-05-23 02:00:00",27084,31642
"2025-05-23 03:00:00",27946,31649
"2025-05-23 04:00:00",30852,31639
"2025-05-23 05:00:00",30851,31594
"2025-05-23 06:00:00",27954,31555
"2025-05-23 07:00:00",27612,31595
"2025-05-23 08:00:00",29604,31623
"2025-05-23 09:00:00",31853,31557
"2025-05-23 10:00:00",35862,31436
"2025-05-23 11:00:00",39009,31206
"2025-05-23 12:00:00",40784,30905
"2025-05-23 13:00:00",42012,30593
"2025-05-23 14:00:00",42052,30344
"2025-05-23 15:00:00",40022,30124
"2025-05-23 16:00:00",34495,29973
"2025-05-23 17:00:00",28544,29892
"2025-05-23 18:00:00",24230,29842
"2025-05-23 19:00:00",20800,29788
"2025-05-23 20:00:00",18556,29727
"2025-05-23 21:00:00",18549,29657
"2025-05-23 22:00:00",18111,29579
"2025-05-23 23:00:00",19766,29503
"2025-05-24 00:00:00",22581,29416
"2025-05-24 01:00:00",26187,29352
"2025-05-24 02:00:00",29746,29338
"2025-05-24 03:00:00",32077,29357
"2025-05-24 04:00:00",34137,29388
"2025-05-24 05:00:00",34346,29420
"2025-05-24 06:00:00",33514,29472
"2025-05-24 07:00:00",32518,29528
"2025-05-24 08:00:00",31834,29553
"2025-05-24 09:00:00",32294,29550
"2025-05-24 10:00:00",33185,29471
"2025-05-24 11:00:00",34291,29316
"2025-05-24 12:00:00",35633,29135
"2025-05-24 13:00:00",38598,28931
"2025-05-24 14:00:00",39209,28635
"2025-05-24 15:00:00",38383,28314
"2025-05-24 16:00:00",34301,27963
"2025-05-24 17:00:00",28895,27585
"2025-05-24 18:00:00",24301,27242
"2025-05-24 19:00:00",20643,26965
"2025-05-24 20:00:00",17875,26751
"2025-05-24 21:00:00",17523,26589
"2025-05-24 22:00:00",16613,26463
"2025-05-24 23:00:00",17546,26340
"2025-05-25 00:00:00",20626,26168
"2025-05-25 01:00:00",25236,25941
"2025-05-25 02:00:00",29440,25611
"2025-05-25 03:00:00",32274,25208
"2025-05-25 04:00:00",34338,24743
"2025-05-25 05:00:00",34654,24305
"2025-05-25 06:00:00",34044,23856
"2025-05-25 07:00:00",32734,23346
"2025-05-25 08:00:00",31614,22891
"2025-05-25 09:00:00",30502,22494
"2025-05-25 10:00:00",29650,22166
"2025-05-25 11:00:00",30094,21990
"2025-05-25 12:00:00",30366,21892
"2025-05-25 13:00:00",30467,21822
"2025-05-25 14:00:00",30048,21761
"2025-05-25 15:00:00",27988,21695
"2025-05-25 16:00:00",22959,21613
"2025-05-25 17:00:00",18591,21523
"2025-05-25 18:00:00",15985,21448
"2025-05-25 19:00:00",14295,21394
"2025-05-25 20:00:00",13161,21358
"2025-05-25 21:00:00",13957,21325
"2025-05-25 22:00:00",13317,21298
"2025-05-25 23:00:00",12721,21258
"2025-05-26 00:00:00",13885,21217
"2025-05-26 01:00:00",15236,21151
"2025-05-26 02:00:00",17052,21065
"2025-05-26 03:00:00",17953,20949
"2025-05-26 04:00:00",20782,20838
"2025-05-26 05:00:00",20679,20713
"2025-05-26 06:00:00",18215,20567
"2025-05-26 07:00:00",18648,20432
"2025-05-26 08:00:00",19664,20297
"2025-05-26 09:00:00",21075,20194
"2025-05-26 10:00:00",25054,20144
"2025-05-26 11:00:00",28174,20078
"2025-05-26 12:00:00",30114,19995
"2025-05-26 13:00:00",30790,19904
"2025-05-26 14:00:00",30602,19821
"2025-05-26 15:00:00",28364,19739
"2025-05-26 16:00:00",22839,19665
"2025-05-26 17:00:00",18391,19587
"2025-05-26 18:00:00",15889,19532
"2025-05-26 19:00:00",14305,19481
"2025-05-26 20:00:00",12922,19426
"2025-05-26 21:00:00",13876,19384
"2025-05-26 22:00:00",13257,19355
"2025-05-26 23:00:00",13243,19334
"2025-05-27 00:00:00",14661,19318
"2025-05-27 01:00:00",16155,19305
"2025-05-27 02:00:00",17648,19288
"2025-05-27 03:00:00",18565,19270
"2025-05-27 04:00:00",21100,19249
"2025-05-27 05:00:00",20968,19239
"2025-05-27 06:00:00",18392,19226
"2025-05-27 07:00:00",18141,19223
"2025-05-27 08:00:00",19430,19248
"2025-05-27 09:00:00",20993,19264
"2025-05-27 10:00:00",23580,19265
"2025-05-27 11:00:00",25608,19248
"2025-05-27 12:00:00",27093,19227
"2025-05-27 13:00:00",27939,19214
"2025-05-27 14:00:00",27816,19203
"2025-05-27 15:00:00",25997,19199
"2025-05-27 16:00:00",20376,19196
"2025-05-27 17:00:00",16619,19224
"2025-05-27 18:00:00",14196,19232
"2025-05-27 19:00:00",12576,19230
"2025-05-27 20:00:00",11563,19228
"2025-05-27 21:00:00",12917,19227
"2025-05-27 22:00:00",12350,19287
"2025-05-27 23:00:00",12396,19366
"2025-05-28 00:00:00",13833,19410
"2025-05-28 01:00:00",15323,19377
"2025-05-28 02:00:00",16809,19253
"2025-05-28 03:00:00",17691,18821
"2025-05-28 04:00:00",20586,20203
"2025-05-28 05:00:00",20408,21936
"2025-05-28 06:00:00",18437,23677
"2025-05-28 07:00:00",19014,25333
"2025-05-28 08:00:00",19918,26853
"2025-05-28 09:00:00",21554,28323
"2025-05-28 10:00:00",23938,29770
"2025-05-28 11:00:00",26068,31206
"2025-05-28 12:00:00",27722,32640
"2025-05-28 13:00:00",28667,34040
"2025-05-28 14:00:00",28608,35409
"2025-05-28 15:00:00",26869,36742
"2025-05-28 16:00:00",22024,37943
"2025-05-28 17:00:00",17580,38915
"2025-05-28 18:00:00",14809,39698
"2025-05-28 19:00:00",13085,40351
"2025-05-28 20:00:00",11935,40909
"2025-05-28 21:00:00",15365,41436
"2025-05-28 22:00:00",15414,41823
"2025-05-28 23:00:00",14268,42162
"2025-05-29 00:00:00",13069,42452
"2025-05-29 01:00:00",11471,42767
"2025-05-29 02:00:00",2320,43032
"2025-05-29 03:00:00",65616,44484
"2025-05-29 04:00:00",80814,44387
"2025-05-29 05:00:00",80901,43963
"2025-05-29 06:00:00",75840,43503
"2025-05-29 07:00:00",72104,43055
"2025-05-29 08:00:00",71453,42729
"2025-05-29 09:00:00",72563,42512
"2025-05-29 10:00:00",74730,42372
"2025-05-29 11:00:00",76891,42320
"2025-05-29 12:00:00",77537,42313
"2025-05-29 13:00:00",77553,42341
"2025-05-29 14:00:00",76388,42386
"2025-05-29 15:00:00",69790,42396
"2025-05-29 16:00:00",57351,42406
"2025-05-29 17:00:00",46497,42476
"2025-05-29 18:00:00",39251,42576
"2025-05-29 19:00:00",34341,42663
"2025-05-29 20:00:00",31152,42739
"2025-05-29 21:00:00",29308,42750
"2025-05-29 22:00:00",28306,42784
"2025-05-29 23:00:00",26742,42850
"2025-05-30 00:00:00",28028,43060
"2025-05-30 01:00:00",30087,43409
"2025-05-30 02:00:00",32356,44009
"2025-05-30 03:00:00",33213,43702
"2025-05-30 04:00:00",36026,43232
"2025-05-30 05:00:00",35935,42754
"2025-05-30 06:00:00",33139,42384
"2025-05-30 07:00:00",34253,42189
"2025-05-30 08:00:00",37482,42024
"2025-05-30 09:00:00",41209,41802
"2025-05-30 10:00:00",46229,41509
"2025-05-30 11:00:00",50229,41097
"2025-05-30 12:00:00",52349,40629
"2025-05-30 13:00:00",53299,40133
"2025-05-30 14:00:00",53177,39627
"2025-05-30 15:00:00",50418,39166
"2025-05-30 16:00:00",43565,38794
"2025-05-30 17:00:00",36117,38510
"2025-05-30 18:00:00",29979,38264
"2025-05-30 19:00:00",25706,38048
"2025-05-30 20:00:00",22910,37848
"2025-05-30 21:00:00",22431,37668
"2025-05-30 22:00:00",22805,37503
"2025-05-30 23:00:00",25199,37380
"2025-05-31 00:00:00",29543,37271
"2025-05-31 01:00:00",34386,37198
"2025-05-31 02:00:00",38615,37166
"2025-05-31 03:00:00",40701,37163
"2025-05-31 04:00:00",43554,37190
"2025-05-31 05:00:00",46498,37243
"2025-05-31 06:00:00",47732,37304
"2025-05-31 07:00:00",47887,37317
"2025-05-31 08:00:00",47547,37240
"2025-05-31 09:00:00",47005,37088
"2025-05-31 10:00:00",46410,36842
"2025-05-31 11:00:00",47426,36561
"2025-05-31 12:00:00",48003,36249
"2025-05-31 13:00:00",48010,35925
"2025-05-31 14:00:00",47279,35588
"2025-05-31 15:00:00",44582,35244
"2025-05-31 16:00:00",39033,34939
"2025-05-31 17:00:00",32382,34666
"2025-05-31 18:00:00",27060,34445
"2025-05-31 19:00:00",23184,34270
"2025-05-31 20:00:00",20343,34124
"2025-05-31 21:00:00",19558,33995
"2025-05-31 22:00:00",18983,33871
"2025-05-31 23:00:00",19949,33716
"2025-06-01 00:00:00",23825,33539
"2025-06-01 01:00:00",28934,33326
"2025-06-01 02:00:00",33467,33076
"2025-06-01 03:00:00",36691,32816
"2025-06-01 04:00:00",38449,32501
"2025-06-01 05:00:00",38899,32121
"2025-06-01 06:00:00",38696,31704
"2025-06-01 07:00:00",37614,31260
"2025-06-01 08:00:00",37080,30824
"2025-06-01 09:00:00",36546,30410
"2025-06-01 10:00:00",36610,30035
"2025-06-01 11:00:00",37391,29681
"2025-06-01 12:00:00",38118,29347
"2025-06-01 13:00:00",38021,29018
"2025-06-01 14:00:00",36924,28701
"2025-06-01 15:00:00",34898,28416
"2025-06-01 16:00:00",30038,28143
"2025-06-01 17:00:00",24925,27905
"2025-06-01 18:00:00",21233,27706
"2025-06-01 19:00:00",18581,27540
"2025-06-01 20:00:00",16678,27406
"2025-06-01 21:00:00",16777,27297
"2025-06-01 22:00:00",16025,27199
"2025-06-01 23:00:00",16401,27096
"2025-06-02 00:00:00",18563,26965
"2025-06-02 01:00:00",21876,26797
"2025-06-02 02:00:00",25056,26580
"2025-06-02 03:00:00",26801,26318
"2025-06-02 04:00:00",27740,26031
"2025-06-02 05:00:00",27663,25782
"2025-06-02 06:00:00",27302,25528
"2025-06-02 07:00:00",26678,25250
"2025-06-02 08:00:00",27085,24986
"2025-06-02 09:00:00",27761,24753
"2025-06-02 10:00:00",28893,24553
"2025-06-02 11:00:00",30424,24378
"2025-06-02 12:00:00",31472,24200
"2025-06-02 13:00:00",32225,24037
"2025-06-02 14:00:00",32020,23889
"2025-06-02 15:00:00",29954,23738
"2025-06-02 16:00:00",25373,23594
"2025-06-02 17:00:00",20627,23443
"2025-06-02 18:00:00",17368,23309
"2025-06-02 19:00:00",15348,23197
"2025-06-02 20:00:00",13791,23101
"2025-06-02 21:00:00",14552,23022
"2025-06-02 22:00:00",14083,22960
"2025-06-02 23:00:00",14691,22902
"2025-06-03 00:00:00",16803,22849
"2025-06-03 01:00:00",19095,22754
"2025-06-03 02:00:00",21574,22624
"2025-06-03 03:00:00",22973,22469
"2025-06-03 04:00:00",26111,22358
"2025-06-03 05:00:00",26041,22243
"2025-06-03 06:00:00",24172,22097
"2025-06-03 07:00:00",23412,21945
"2025-06-03 08:00:00",24163,21818
"2025-06-03 09:00:00",25402,21717
"2025-06-03 10:00:00",27032,21641
"2025-06-03 11:00:00",28191,21569
"2025-06-03 12:00:00",29125,21509
"2025-06-03 13:00:00",29737,21464
"2025-06-03 14:00:00",29473,21417
"2025-06-03 15:00:00",27491,21376
"2025-06-03 16:00:00",22201,21320
"2025-06-03 17:00:00",17859,21275
"2025-06-03 18:00:00",15056,21228
"2025-06-03 19:00:00",13458,21186
"2025-06-03 20:00:00",12045,21142
"2025-06-03 21:00:00",13366,21114
"2025-06-03 22:00:00",12867,21112
"2025-06-03 23:00:00",13757,21136
"2025-06-04 00:00:00",14863,21112
"2025-06-04 01:00:00",16208,21037
"2025-06-04 02:00:00",17783,20901
"2025-06-04 03:00:00",19107,20523
"2025-06-04 04:00:00",22051,20768
"2025-06-04 05:00:00",22021,21115
"2025-06-04 06:00:00",19960,21445
"2025-06-04 07:00:00",20028,21707
"2025-06-04 08:00:00",21528,21917
"2025-06-04 09:00:00",23447,22119
"2025-06-04 10:00:00",25677,22323
"2025-06-04 11:00:00",27544,22548
"2025-06-04 12:00:00",29370,22787
"2025-06-04 13:00:00",29993,23016
"2025-06-04 14:00:00",29927,23244
"2025-06-04 15:00:00",27982,23468
"2025-06-04 16:00:00",22804,23666
"2025-06-04 17:00:00",17910,23831
"2025-06-04 18:00:00",14888,23959
"2025-06-04 19:00:00",13073,24049
"2025-06-04 20:00:00",11869,24120
"2025-06-04 21:00:00",14520,24218
"2025-06-04 22:00:00",15004,24292
"2025-06-04 23:00:00",14639,24327
"2025-06-05 00:00:00",14229,24351
"2025-06-05 01:00:00",13473,24382
"2025-06-05 02:00:00",2639,24181
"2025-06-05 03:00:00",36395,24977
"2025-06-05 04:00:00",44717,25315
"2025-06-05 05:00:00",44232,25547
"2025-06-05 06:00:00",37753,25685
"2025-06-05 07:00:00",34326,25826
"2025-06-05 08:00:00",34696,25991
"2025-06-05 09:00:00",36095,26151
"2025-06-05 10:00:00",38707,26316
"2025-06-05 11:00:00",40277,26463
"2025-06-05 12:00:00",41650,26608
"2025-06-05 13:00:00",42065,26746
"2025-06-05 14:00:00",41818,26886
"2025-06-05 15:00:00",38406,26994
"2025-06-05 16:00:00",32178,27102
"2025-06-05 17:00:00",25628,27208
"2025-06-05 18:00:00",20831,27298
"2025-06-05 19:00:00",17795,27378
"2025-06-05 20:00:00",16394,27462
"2025-06-05 21:00:00",16504,27478
"2025-06-05 22:00:00",16448,27487
"2025-06-05 23:00:00",17468,27530
"2025-06-06 00:00:00",20161,27660
"2025-06-06 01:00:00",22897,27878
"2025-06-06 02:00:00",24881,28432
"2025-06-06 03:00:00",26084,28195
"2025-06-06 04:00:00",28800,27830
"2025-06-06 05:00:00",28695,27458
"2025-06-06 06:00:00",26943,27208
"2025-06-06 07:00:00",26192,27042
"2025-06-06 08:00:00",26884,26879
"2025-06-06 09:00:00",27841,26684
"2025-06-06 10:00:00",29774,26457
"2025-06-06 11:00:00",31694,26218
"2025-06-06 12:00:00",32777,25951
"2025-06-06 13:00:00",33432,25684
"2025-06-06 14:00:00",33312,25412
"2025-06-06 15:00:00",31251,25172
"2025-06-06 16:00:00",27093,24995
"2025-06-06 17:00:00",22137,24870
"2025-06-06 18:00:00",18420,24791
"2025-06-06 19:00:00",15868,24730
"2025-06-06 20:00:00",14119,24662
"2025-06-06 21:00:00",14587,24606
"2025-06-06 22:00:00",14458,24545
"2025-06-06 23:00:00",16065,24493
"2025-06-07 00:00:00",18703,24429
"2025-06-07 01:00:00",22331,24391
"2025-06-07 02:00:00",25663,24382
"2025-06-07 03:00:00",27702,24403
"2025-06-07 04:00:00",29540,24397
"2025-06-07 05:00:00",29743,24396
"2025-06-07 06:00:00",29011,24420
"2025-06-07 07:00:00",28076,24441
"2025-06-07 08:00:00",27537,24428
"2025-06-07 09:00:00",27613,24392
"2025-06-07 10:00:00",28343,24320
"2025-06-07 11:00:00",29075,24212
"2025-06-07 12:00:00",29768,24088
"2025-06-07 13:00:00",29970,23949
"2025-06-07 14:00:00",29668,23803
"2025-06-07 15:00:00",28249,23670
"2025-06-07 16:00:00",24846,23546
"2025-06-07 17:00:00",20950,23444
"2025-06-07 18:00:00",17677,23358
"2025-06-07 19:00:00",15235,23287
"2025-06-07 20:00:00",13657,23233
"2025-06-07 21:00:00",13927,23185
"2025-06-07 22:00:00",13422,23132
"2025-06-07 23:00:00",14326,23061
"2025-06-08 00:00:00",17127,22987
"2025-06-08 01:00:00",20275,22884
"2025-06-08 02:00:00",24152,22774
"2025-06-08 03:00:00",25948,22630
"2025-06-08 04:00:00",27490,22467
"2025-06-08 05:00:00",27570,22305
"2025-06-08 06:00:00",26951,22141
"2025-06-08 07:00:00",25891,21964
"2025-06-08 08:00:00",25349,21799
"2025-06-08 09:00:00",25190,21652
"2025-06-08 10:00:00",25638,21518
"2025-06-08 11:00:00",25939,21391
"2025-06-08 12:00:00",26499,21275
"2025-06-08 13:00:00",26543,21160
"2025-06-08 14:00:00",25947,21043
"2025-06-08 15:00:00",23739,20907
"2025-06-08 16:00:00",19792,20755
"2025-06-08 17:00:00",16207,20610
"2025-06-08 18:00:00",13697,20484
"2025-06-08 19:00:00",12103,20383
"2025-06-08 20:00:00",11275,20308
"2025-06-08 21:00:00",11943,20244
"2025-06-08 22:00:00",11537,20188
"2025-06-08 23:00:00",11896,20118
"2025-06-09 00:00:00",13539,20014
"2025-06-09 01:00:00",15085,19863
"2025-06-09 02:00:00",17000,19651
"2025-06-09 03:00:00",17964,19410
"2025-06-09 04:00:00",19761,19177
"2025-06-09 05:00:00",19451,18933
"2025-06-09 06:00:00",18006,18665
"2025-06-09 07:00:00",17868,18419
"2025-06-09 08:00:00",19018,18228
"2025-06-09 09:00:00",20414,18081
"2025-06-09 10:00:00",22320,17986
"2025-06-09 11:00:00",23715,17921
"2025-06-09 12:00:00",24679,17872
"2025-06-09 13:00:00",25222,17840
"2025-06-09 14:00:00",24948,17815
"2025-06-09 15:00:00",22691,17790
"2025-06-09 16:00:00",18644,17762
"2025-06-09 17:00:00",14867,17727
"2025-06-09 18:00:00",12486,17694
"2025-06-09 19:00:00",11158,17671
"2025-06-09 20:00:00",10350,17646
"2025-06-09 21:00:00",11454,17636
"2025-06-09 22:00:00",11177,17629
"2025-06-09 23:00:00",11526,17619
"2025-06-10 00:00:00",13145,17608
"2025-06-10 01:00:00",14437,17590
"2025-06-10 02:00:00",16083,17566
"2025-06-10 03:00:00",17136,17545
"2025-06-10 04:00:00",19007,17525
"2025-06-10 05:00:00",18808,17509
"2025-06-10 06:00:00",17047,17484
"2025-06-10 07:00:00",17366,17478
"2025-06-10 08:00:00",18362,17465
"2025-06-10 09:00:00",20554,17474
"2025-06-10 10:00:00",22331,17470
"2025-06-10 11:00:00",24027,17478
"2025-06-10 12:00:00",25213,17493
"2025-06-10 13:00:00",25602,17503
"2025-06-10 14:00:00",25447,17519
"2025-06-10 15:00:00",23162,17534
"2025-06-10 16:00:00",19001,17552
"2025-06-10 17:00:00",15196,17569
"2025-06-10 18:00:00",12869,17586
"2025-06-10 19:00:00",11409,17597
"2025-06-10 20:00:00",10781,17611
"2025-06-10 21:00:00",11800,17618
"2025-06-10 22:00:00",11243,17639
"2025-06-10 23:00:00",11573,17667
"2025-06-11 00:00:00",13283,17689
"2025-06-11 01:00:00",14840,17703
"2025-06-11 02:00:00",16445,17696
"2025-06-11 02:50:00",16445,
"2025-06-11 03:00:00",16687,17571
"2025-06-11 03:10:00",16708,
"2025-06-11 03:20:00",16763,
"2025-06-11 03:30:00",16941,
"2025-06-11 03:40:00",17221,
"2025-06-11 03:50:00",17478,
"2025-06-11 04:00:00",17831,17653
"2025-06-11 04:10:00",18332,
"2025-06-11 04:20:00",18889,
"2025-06-11 04:30:00",19165,
"2025-06-11 04:40:00",19313,
"2025-06-11 04:50:00",19363,
"2025-06-11 05:00:00",19260,17782
"2025-06-11 05:10:00",19010,
"2025-06-11 05:20:00",18850,
"2025-06-11 05:30:00",18588,
"2025-06-11 05:40:00",18305,
"2025-06-11 05:50:00",18109,
"2025-06-11 06:00:00",17885,17921
"2025-06-11 06:10:00",17661,
"2025-06-11 06:20:00",17511,
"2025-06-11 06:30:00",17428,
"2025-06-11 06:40:00",17551,
"2025-06-11 06:50:00",17581,
"2025-06-11 07:00:00",17607,18034
"2025-06-11 07:10:00",17579,
"2025-06-11 07:20:00",17656,
"2025-06-11 07:30:00",17710,
"2025-06-11 07:40:00",17863,
"2025-06-11 07:50:00",18074,
"2025-06-11 08:00:00",18171,18119
"2025-06-11 08:10:00",18337,
"2025-06-11 08:20:00",18462,
"2025-06-11 08:30:00",18602,
"2025-06-11 08:40:00",18638,
"2025-06-11 08:50:00",18836,
"2025-06-11 09:00:00",19024,18181
"2025-06-11 09:10:00",19276,
"2025-06-11 09:20:00",19586,
"2025-06-11 09:30:00",19798,
"2025-06-11 09:40:00",19942,
"2025-06-11 09:50:00",20191,
"2025-06-11 10:00:00",20458,18248
"2025-06-11 10:10:00",20736,
"2025-06-11 10:20:00",21134,
"2025-06-11 10:30:00",21567,
"2025-06-11 10:40:00",21902,
"2025-06-11 10:50:00",22273,
"2025-06-11 11:00:00",22506,18313
"2025-06-11 11:10:00",22888,
"2025-06-11 11:20:00",23098,
"2025-06-11 11:30:00",23403,
"2025-06-11 11:40:00",23591,
"2025-06-11 11:50:00",23872,
"2025-06-11 12:00:00",24025,18374
"2025-06-11 12:10:00",24219,
"2025-06-11 12:20:00",24404,
"2025-06-11 12:30:00",24664,
"2025-06-11 12:40:00",24865,
"2025-06-11 12:50:00",25080,
"2025-06-11 13:00:00",25250,18437
"2025-06-11 13:10:00",25455,
"2025-06-11 13:20:00",25531,
"2025-06-11 13:30:00",25668,
"2025-06-11 13:40:00",25639,
"2025-06-11 13:50:00",25687,
"2025-06-11 14:00:00",25558,18498
"2025-06-11 14:10:00",25470,
"2025-06-11 14:20:00",25294,
"2025-06-11 14:30:00",25137,
"2025-06-11 14:40:00",24840,
"2025-06-11 14:50:00",24367,
"2025-06-11 15:00:00",23834,18575
"2025-06-11 15:10:00",23167,
"2025-06-11 15:20:00",22550,
"2025-06-11 15:30:00",21818,
"2025-06-11 15:40:00",21068,
"2025-06-11 15:50:00",20326,
"2025-06-11 16:00:00",19675,18639
"2025-06-11 16:10:00",18849,
"2025-06-11 16:20:00",18165,
"2025-06-11 16:30:00",17537,
"2025-06-11 16:40:00",16882,
"2025-06-11 16:50:00",16329,
"2025-06-11 17:00:00",15742,18689
"2025-06-11 17:10:00",15200,
"2025-06-11 17:20:00",14702,
"2025-06-11 17:30:00",14181,
"2025-06-11 17:40:00",13805,
"2025-06-11 17:50:00",13485,
"2025-06-11 18:00:00",13135,18722
"2025-06-11 18:10:00",12789,
"2025-06-11 18:20:00",12461,
"2025-06-11 18:30:00",12227,
"2025-06-11 18:40:00",12061,
"2025-06-11 18:50:00",11740,
"2025-06-11 19:00:00",11546,18744
"2025-06-11 19:10:00",11240,
"2025-06-11 19:20:00",11153,
"2025-06-11 19:30:00",10881,
"2025-06-11 19:40:00",10747,
"2025-06-11 19:50:00",10677,
"2025-06-11 20:00:00",10434,18750
"2025-06-11 20:10:00",10293,
"2025-06-11 20:20:00",10183,
"2025-06-11 20:30:00",10031,
"2025-06-11 20:40:00",9836,
"2025-06-11 20:50:00",9622,
"2025-06-11 21:00:00",11259,18828
"2025-06-11 21:10:00",12222,
"2025-06-11 21:20:00",12761,
"2025-06-11 21:30:00",13090,
"2025-06-11 21:40:00",13483,
"2025-06-11 21:50:00",13732,
"2025-06-11 22:00:00",13855,18908
"2025-06-11 22:10:00",13922,
"2025-06-11 22:20:00",13920,
"2025-06-11 22:30:00",13808,
"2025-06-11 22:40:00",13608,
"2025-06-11 22:50:00",13478,
"2025-06-11 23:00:00",13420,18956
"2025-06-11 23:10:00",13237,
"2025-06-11 23:20:00",13236,
"2025-06-11 23:30:00",13224,
"2025-06-11 23:40:00",13222,
"2025-06-11 23:50:00",13161,
"2025-06-12 00:00:00",13132,18953
"2025-06-12 00:10:00",13312,
"2025-06-12 00:20:00",13379,
"2025-06-12 00:30:00",13408,
"2025-06-12 00:40:00",13438,
"2025-06-12 00:50:00",13319,
"2025-06-12 01:00:00",12998,18898
"2025-06-12 01:10:00",4847,
"2025-06-12 01:20:00",3585,
"2025-06-12 01:30:00",3170,
"2025-06-12 01:40:00",2852,
"2025-06-12 01:50:00",2606,
"2025-06-12 02:00:00",2461,18458
"2025-06-12 02:10:00",2349,
"2025-06-12 02:20:00",2286,
"2025-06-12 02:30:00",2161,
"2025-06-12 02:40:00",2072,
"2025-06-12 02:50:00",2142,
"2025-06-12 03:00:00",7659,18829
"2025-06-12 03:10:00",14510,
"2025-06-12 03:20:00",18010,
"2025-06-12 03:30:00",20718,
"2025-06-12 03:40:00",22725,
"2025-06-12 03:50:00",24803,
"2025-06-12 04:00:00",26573,19177
"2025-06-12 04:10:00",28502,
"2025-06-12 04:20:00",29932,
"2025-06-12 04:30:00",30806,
"2025-06-12 04:40:00",31216,
"2025-06-12 04:50:00",31383,
"2025-06-12 05:00:00",31127,19485
"2025-06-12 05:10:00",30750,
"2025-06-12 05:20:00",30205,
"2025-06-12 05:30:00",29687,
"2025-06-12 05:40:00",28858,
"2025-06-12 05:50:00",28242,
"2025-06-12 06:00:00",27539,19722
"2025-06-12 06:10:00",26920,
"2025-06-12 06:20:00",26468,
"2025-06-12 06:30:00",26226,
"2025-06-12 06:40:00",26077,
"2025-06-12 06:50:00",25835,
"2025-06-12 07:00:00",25592,19911
"2025-06-12 07:10:00",25459,
"2025-06-12 07:20:00",25433,
"2025-06-12 07:30:00",25510,
"2025-06-12 07:40:00",25573,
"2025-06-12 07:50:00",25739,
"2025-06-12 08:00:00",25965,20134
"2025-06-12 08:10:00",26170,
"2025-06-12 08:20:00",26273,
"2025-06-12 08:30:00",26560,
"2025-06-12 08:40:00",26858,
"2025-06-12 08:50:00",26917,
"2025-06-12 09:00:00",26951,20353
"2025-06-12 09:10:00",27111,
"2025-06-12 09:20:00",27307,
"2025-06-12 09:30:00",27466,
"2025-06-12 09:40:00",27652,
"2025-06-12 09:50:00",27975,
"2025-06-12 10:00:00",28260,20596
"2025-06-12 10:10:00",28765,
"2025-06-12 10:20:00",29108,
"2025-06-12 10:30:00",29330,
"2025-06-12 10:40:00",29668,
"2025-06-12 10:50:00",30202,
"2025-06-12 11:00:00",30427,20848
"2025-06-12 11:10:00",30681,
"2025-06-12 11:20:00",30795,
"2025-06-12 11:30:00",31196,
"2025-06-12 11:40:00",31356,
"2025-06-12 11:50:00",31475,
"2025-06-12 12:00:00",31557,21091
"2025-06-12 12:10:00",31672,
"2025-06-12 12:20:00",31892,
"2025-06-12 12:30:00",31912,
"2025-06-12 12:40:00",32083,
"2025-06-12 12:50:00",32159,
"2025-06-12 13:00:00",32149,21332
"2025-06-12 13:10:00",32210,
"2025-06-12 13:20:00",32408,
"2025-06-12 13:30:00",32509,
"2025-06-12 13:40:00",32425,
"2025-06-12 13:50:00",32384,
"2025-06-12 14:00:00",32196,21568
"2025-06-12 14:10:00",31972,
"2025-06-12 14:20:00",31585,
"2025-06-12 14:30:00",31053,
"2025-06-12 14:40:00",30541,
"2025-06-12 14:50:00",29937,
"2025-06-12 15:00:00",29189,21762
"2025-06-12 15:10:00",28076,
"2025-06-12 15:20:00",27389,
"2025-06-12 15:30:00",26552,
"2025-06-12 15:40:00",25544,
"2025-06-12 15:50:00",24682,
"2025-06-12 16:00:00",23908,21926
"2025-06-12 16:10:00",22899,
"2025-06-12 16:20:00",22011,
"2025-06-12 16:30:00",21261,
"2025-06-12 16:40:00",20541,
"2025-06-12 16:50:00",19829,
"2025-06-12 17:00:00",19152,22067
"2025-06-12 17:10:00",18448,
"2025-06-12 17:20:00",17828,
"2025-06-12 17:30:00",17238,
"2025-06-12 17:40:00",16720,
"2025-06-12 17:50:00",16234,
"2025-06-12 18:00:00",15836,22182
"2025-06-12 18:10:00",15608,
"2025-06-12 18:20:00",15232,
"2025-06-12 18:30:00",15046,
"2025-06-12 18:40:00",14854,
"2025-06-12 18:50:00",14570,
"2025-06-12 19:00:00",14194,22292
"2025-06-12 19:10:00",13980,
"2025-06-12 19:20:00",13681,
"2025-06-12 19:30:00",13387,
"2025-06-12 19:40:00",13185,
"2025-06-12 19:50:00",12985,
"2025-06-12 20:00:00",12777,22385
"2025-06-12 20:10:00",12573,
"2025-06-12 20:20:00",12470,
"2025-06-12 20:30:00",12313,
"2025-06-12 20:40:00",12153,
"2025-06-12 20:50:00",12045,
"2025-06-12 21:00:00",12784,22389
"2025-06-12 21:10:00",13478,
"2025-06-12 21:20:00",13458,
"2025-06-12 21:30:00",13420,
"2025-06-12 21:40:00",13324,
"2025-06-12 21:50:00",13231,
"2025-06-12 22:00:00",13087,22372
"2025-06-12 22:10:00",12965,
"2025-06-12 22:20:00",12968,
"2025-06-12 22:30:00",12891,
"2025-06-12 22:40:00",12974,
"2025-06-12 22:50:00",12883,
"2025-06-12 23:00:00",12810,22374
"2025-06-12 23:10:00",12703,
"2025-06-12 23:20:00",12826,
"2025-06-12 23:30:00",12781,
"2025-06-12 23:40:00",12969,
"2025-06-12 23:50:00",13155,
"2025-06-13 00:00:00",13348,22449
"2025-06-13 00:10:00",13643,
"2025-06-13 00:20:00",13830,
"2025-06-13 00:30:00",14244,
"2025-06-13 00:40:00",14653,
"2025-06-13 00:50:00",14966,
"2025-06-13 01:00:00",15221,22611
"2025-06-13 01:10:00",15592,
"2025-06-13 01:20:00",15861,
"2025-06-13 01:30:00",16145,
"2025-06-13 01:40:00",16461,
"2025-06-13 01:50:00",16856,
"2025-06-13 02:00:00",17098,23205
"2025-06-13 02:10:00",17496,
"2025-06-13 02:20:00",17899,
"2025-06-13 02:30:00",18167,
"2025-06-13 02:40:00",18298,
"2025-06-13 02:50:00",18488,
"2025-06-13 03:00:00",18705,23059
"2025-06-13 03:10:00",18815,
"2025-06-13 03:20:00",18802,
"2025-06-13 03:30:00",18839,
"2025-06-13 03:40:00",19028,
"2025-06-13 03:50:00",19279,
"2025-06-13 04:00:00",19718,22767
"2025-06-13 04:10:00",20238,
"2025-06-13 04:20:00",20782,
"2025-06-13 04:30:00",21024,
"2025-06-13 04:40:00",21196,
"2025-06-13 04:50:00",21289,
"2025-06-13 05:00:00",21091,22472
"2025-06-13 05:10:00",20799,
"2025-06-13 05:20:00",20476,
"2025-06-13 05:30:00",20201,
"2025-06-13 05:40:00",19958,
"2025-06-13 05:50:00",19625,
"2025-06-13 06:00:00",19521,22247
"2025-06-13 06:10:00",19360,
"2025-06-13 06:20:00",19303,
"2025-06-13 06:30:00",19370,
"2025-06-13 06:40:00",19396,
"2025-06-13 06:50:00",19424,
"2025-06-13 07:00:00",19483,22109
"2025-06-13 07:10:00",19419,
"2025-06-13 07:20:00",19615,
"2025-06-13 07:30:00",19649,
"2025-06-13 07:40:00",19812,
"2025-06-13 07:50:00",20072,
"2025-06-13 08:00:00",20291,21975
"2025-06-13 08:10:00",20526,
"2025-06-13 08:20:00",20812,
"2025-06-13 08:30:00",21069,
"2025-06-13 08:40:00",21354,
"2025-06-13 08:50:00",21769,
"2025-06-13 09:00:00",21841,21906
"2025-06-13 09:10:00",22499,
"2025-06-13 09:20:00",22765,
"2025-06-13 09:30:00",23502,
"2025-06-13 09:40:00",24230,
"2025-06-13 09:50:00",25080,
"2025-06-13 10:00:00",25428,21903
"2025-06-13 10:10:00",25846,
"2025-06-13 10:20:00",26167,
"2025-06-13 10:30:00",28311,
"2025-06-13 10:40:00",29221,
"2025-06-13 10:50:00",29758,
"2025-06-13 11:00:00",30227,21917
"2025-06-13 11:10:00",30645,
"2025-06-13 11:20:00",30970,
"2025-06-13 11:30:00",31339,
"2025-06-13 11:40:00",31705,
"2025-06-13 11:50:00",31935,
"2025-06-13 12:00:00",32233,21952
"2025-06-13 12:10:00",32746,
"2025-06-13 12:20:00",33025,
"2025-06-13 12:30:00",33147,
"2025-06-13 12:40:00",33318,
"2025-06-13 12:50:00",33509,
"2025-06-13 13:00:00",33747,21981
"2025-06-13 13:10:00",33791,
"2025-06-13 13:20:00",33839,
"2025-06-13 13:30:00",33829,
"2025-06-13 13:40:00",33813,
"2025-06-13 13:50:00",33836,
"2025-06-13 14:00:00",33671,22013
"2025-06-13 14:10:00",33519,
"2025-06-13 14:20:00",33279,
"2025-06-13 14:30:00",32950,
"2025-06-13 14:40:00",32548,
"2025-06-13 14:50:00",32190,
"2025-06-13 15:00:00",31769,22083
"2025-06-13 15:10:00",30855,
"2025-06-13 15:20:00",30240,
"2025-06-13 15:30:00",29489,
"2025-06-13 15:40:00",28666,
"2025-06-13 15:50:00",27911,
"2025-06-13 16:00:00",27011,22174
"2025-06-13 16:10:00",26091,
"2025-06-13 16:20:00",25088,
"2025-06-13 16:30:00",24415,
"2025-06-13 16:40:00",23587,
"2025-06-13 16:50:00",22781,
"2025-06-13 17:00:00",22170,22270
"2025-06-13 17:10:00",21326,
"2025-06-13 17:20:00",20647,
"2025-06-13 17:30:00",20086,
"2025-06-13 17:40:00",19576,
"2025-06-13 17:50:00",18984,
"2025-06-13 18:00:00",18345,22345
"2025-06-13 18:10:00",17843,
"2025-06-13 18:20:00",17376,
"2025-06-13 18:30:00",16958,
"2025-06-13 18:40:00",16137,
"2025-06-13 18:50:00",16007,
"2025-06-13 19:00:00",15848,22395
"2025-06-13 19:10:00",15588,
"2025-06-13 19:20:00",15291,
"2025-06-13 19:30:00",15098,
"2025-06-13 19:40:00",14819,
"2025-06-13 19:50:00",14651,
"2025-06-13 20:00:00",14458,22447
"2025-06-13 20:10:00",14248,
"2025-06-13 20:20:00",13992,
"2025-06-13 20:30:00",13831,
"2025-06-13 20:40:00",13724,
"2025-06-13 20:50:00",13614,
"2025-06-13 21:00:00",14360,22491
"2025-06-13 21:10:00",14968,
"2025-06-13 21:20:00",14923,
"2025-06-13 21:30:00",14811,
"2025-06-13 21:40:00",14689,
"2025-06-13 21:50:00",14636,
"2025-06-13 22:00:00",14546,22539
"2025-06-13 22:10:00",14564,
"2025-06-13 22:20:00",14506,
"2025-06-13 22:30:00",14516,
"2025-06-13 22:40:00",14618,
"2025-06-13 22:50:00",14693,
"2025-06-13 23:00:00",14776,22640
"2025-06-13 23:10:00",14949,
"2025-06-13 23:20:00",15228,
"2025-06-13 23:30:00",15679,
"2025-06-13 23:40:00",15880,
"2025-06-13 23:50:00",16253,
"2025-06-14 00:00:00",16654,22769
"2025-06-14 00:10:00",17019,
"2025-06-14 00:20:00",17528,
"2025-06-14 00:30:00",17925,
"2025-06-14 00:40:00",18386,
"2025-06-14 00:50:00",18871,
"2025-06-14 01:00:00",19321,22955
"2025-06-14 01:10:00",20036,
"2025-06-14 01:20:00",20556,
"2025-06-14 01:30:00",21150,
"2025-06-14 01:40:00",21705,
"2025-06-14 01:50:00",22333,
"2025-06-14 02:00:00",22832,23183
"2025-06-14 02:10:00",23366,
"2025-06-14 02:20:00",23871,
"2025-06-14 02:30:00",24396,
"2025-06-14 02:40:00",24807,
"2025-06-14 02:50:00",25101,
"2025-06-14 03:00:00",25421,23486
"2025-06-14 03:10:00",25710,
"2025-06-14 03:20:00",26100,
"2025-06-14 03:30:00",26560,
"2025-06-14 03:40:00",27210,
"2025-06-14 03:50:00",27901,
"2025-06-14 04:00:00",28299,23767
"2025-06-14 04:10:00",28780,
"2025-06-14 04:20:00",28929,
"2025-06-14 04:30:00",29170,
"2025-06-14 04:40:00",29301,
"2025-06-14 04:50:00",29418,
"2025-06-14 05:00:00",29607,24064
"2025-06-14 05:10:00",29582,
"2025-06-14 05:20:00",29522,
"2025-06-14 05:30:00",29467,
"2025-06-14 05:40:00",29227,
"2025-06-14 05:50:00",29067,
"2025-06-14 06:00:00",28927,24393
"2025-06-14 06:10:00",28769,
"2025-06-14 06:20:00",28551,
"2025-06-14 06:30:00",28340,
"2025-06-14 06:40:00",28068,
"2025-06-14 06:50:00",27960,
"2025-06-14 07:00:00",27744,24662
"2025-06-14 07:10:00",27734,
"2025-06-14 07:20:00",27729,
"2025-06-14 07:30:00",27575,
"2025-06-14 07:40:00",27399,
"2025-06-14 07:50:00",27382,
"2025-06-14 08:00:00",27295,24859
"2025-06-14 08:10:00",27353,
"2025-06-14 08:20:00",27422,
"2025-06-14 08:30:00",27354,
"2025-06-14 08:40:00",27327,
"2025-06-14 08:50:00",27204,
"2025-06-14 09:00:00",27236,24945
"2025-06-14 09:10:00",27275,
"2025-06-14 09:20:00",27409,
"2025-06-14 09:30:00",27392,
"2025-06-14 09:40:00",27528,
"2025-06-14 09:50:00",27722,
"2025-06-14 10:00:00",27936,24951
"2025-06-14 10:10:00",28180,
"2025-06-14 10:20:00",28377,
"2025-06-14 10:30:00",28556,
"2025-06-14 10:40:00",28773,
"2025-06-14 10:50:00",30302,
"2025-06-14 11:00:00",30426,24881
"2025-06-14 11:10:00",30431,
"2025-06-14 11:20:00",30534,
"2025-06-14 11:30:00",30646,
"2025-06-14 11:40:00",30699,
"2025-06-14 11:50:00",30770,
"2025-06-14 12:00:00",30924,24779
"2025-06-14 12:10:00",31065,
"2025-06-14 12:20:00",31270,
"2025-06-14 12:30:00",31308,
"2025-06-14 12:40:00",31350,
"2025-06-14 12:50:00",31454,
"2025-06-14 13:00:00",31452,24664
"2025-06-14 13:10:00",31387,
"2025-06-14 13:20:00",31290,
"2025-06-14 13:30:00",31159,
"2025-06-14 13:40:00",31199,
"2025-06-14 13:50:00",31159,
"2025-06-14 14:00:00",30973,24538
"2025-06-14 14:10:00",30770,
"2025-06-14 14:20:00",30551,
"2025-06-14 14:30:00",30381,
"2025-06-14 14:40:00",30025,
"2025-06-14 14:50:00",29736,
"2025-06-14 15:00:00",29408,24427
"2025-06-14 15:10:00",28758,
"2025-06-14 15:20:00",28194,
"2025-06-14 15:30:00",27686,
"2025-06-14 15:40:00",26989,
"2025-06-14 15:50:00",26518,
"2025-06-14 16:00:00",25818,24357
"2025-06-14 16:10:00",24918,
"2025-06-14 16:20:00",24353,
"2025-06-14 16:30:00",23708,
"2025-06-14 16:40:00",23100,
"2025-06-14 16:50:00",22392,
"2025-06-14 17:00:00",20485,24268
"2025-06-14 17:10:00",19849,
"2025-06-14 17:20:00",19345,
"2025-06-14 17:30:00",18839,
"2025-06-14 17:40:00",18441,
"2025-06-14 17:50:00",17888,
"2025-06-14 18:00:00",17425,24217
"2025-06-14 18:10:00",17010,
"2025-06-14 18:20:00",16567,
"2025-06-14 18:30:00",16104,
"2025-06-14 18:40:00",15849,
"2025-06-14 18:50:00",15537,
"2025-06-14 19:00:00",15133,24176
"2025-06-14 19:10:00",14649,
"2025-06-14 19:20:00",14402,
"2025-06-14 19:30:00",14154,
"2025-06-14 19:40:00",13908,
"2025-06-14 19:50:00",13662,
"2025-06-14 20:00:00",13388,24127
"2025-06-14 20:10:00",13191,
"2025-06-14 20:20:00",12960,
"2025-06-14 20:30:00",12801,
"2025-06-14 20:40:00",12651,
"2025-06-14 20:50:00",12520,
"2025-06-14 21:00:00",13263,24079
"2025-06-14 21:10:00",13811,
"2025-06-14 21:20:00",13839,
"2025-06-14 21:30:00",13714,
"2025-06-14 21:40:00",13677,
"2025-06-14 21:50:00",13614,
"2025-06-14 22:00:00",13497,24032
"2025-06-14 22:10:00",13525,
"2025-06-14 22:20:00",13424,
"2025-06-14 22:30:00",13389,
"2025-06-14 22:40:00",13361,
"2025-06-14 22:50:00",13392,
"2025-06-14 23:00:00",13414,23972
"2025-06-14 23:10:00",13575,
"2025-06-14 23:20:00",13783,
"2025-06-14 23:30:00",14054,
"2025-06-14 23:40:00",14328,
"2025-06-14 23:50:00",14757,
"2025-06-15 00:00:00",15010,23906
"2025-06-15 00:10:00",15481,
"2025-06-15 00:20:00",15969,
"2025-06-15 00:30:00",16438,
"2025-06-15 00:40:00",16844,
"2025-06-15 00:50:00",17343,
"2025-06-15 01:00:00",17797,23836
"2025-06-15 01:10:00",18420,
"2025-06-15 01:20:00",18985,
"2025-06-15 01:30:00",19594,
"2025-06-15 01:40:00",20190,
"2025-06-15 01:50:00",20810,
"2025-06-15 02:00:00",21273,23768
"2025-06-15 02:10:00",21911,
"2025-06-15 02:20:00",22420,
"2025-06-15 02:30:00",23036,
"2025-06-15 02:40:00",23460,
"2025-06-15 02:50:00",23843,
"2025-06-15 03:00:00",24159,23657
"2025-06-15 03:10:00",24412,
"2025-06-15 03:20:00",24805,
"2025-06-15 03:30:00",25018,
"2025-06-15 03:40:00",25389,
"2025-06-15 03:50:00",25615,
"2025-06-15 04:00:00",25970,23548
"2025-06-15 04:10:00",26294,
"2025-06-15 04:20:00",26632,
"2025-06-15 04:30:00",26927,
"2025-06-15 04:40:00",27233,
"2025-06-15 04:50:00",27286,
"2025-06-15 05:00:00",27310,23437
"2025-06-15 05:10:00",27380,
"2025-06-15 05:20:00",27342,
"2025-06-15 05:30:00",27181,
"2025-06-15 05:40:00",27070,
"2025-06-15 05:50:00",26938,
"2025-06-15 06:00:00",26827,23331
"2025-06-15 06:10:00",26716,
"2025-06-15 06:20:00",26603,
"2025-06-15 06:30:00",26496,
"2025-06-15 06:40:00",26201,
"2025-06-15 06:50:00",26014,
"2025-06-15 07:00:00",25775,23227
"2025-06-15 07:10:00",25572,
"2025-06-15 07:20:00",25355,
"2025-06-15 07:30:00",25359,
"2025-06-15 07:40:00",25229,
"2025-06-15 07:50:00",25187,
"2025-06-15 08:00:00",25024,23112
"2025-06-15 08:10:00",24984,
"2025-06-15 08:20:00",24954,
"2025-06-15 08:30:00",24905,
"2025-06-15 08:40:00",24779,
"2025-06-15 08:50:00",24585,
"2025-06-15 09:00:00",24540,22975
"2025-06-15 09:10:00",24515,
"2025-06-15 09:20:00",24334,
"2025-06-15 09:30:00",24214,
"2025-06-15 09:40:00",24135,
"2025-06-15 09:50:00",24291,
"2025-06-15 10:00:00",24278,22744
"2025-06-15 10:10:00",24166,
"2025-06-15 10:20:00",24338,
"2025-06-15 10:30:00",24351,
"2025-06-15 10:40:00",24454,
"2025-06-15 10:50:00",24464,
"2025-06-15 11:00:00",24457,22527
"2025-06-15 11:10:00",24604,
"2025-06-15 11:20:00",24770,
"2025-06-15 11:30:00",24826,
"2025-06-15 11:40:00",24872,
"2025-06-15 11:50:00",25058,
"2025-06-15 12:00:00",25014,22292
"2025-06-15 12:10:00",25051,
"2025-06-15 12:20:00",25081,
"2025-06-15 12:30:00",25129,
"2025-06-15 12:40:00",25165,
"2025-06-15 12:50:00",25236,
"2025-06-15 13:00:00",25303,22065
"2025-06-15 13:10:00",25320,
"2025-06-15 13:20:00",25384,
"2025-06-15 13:30:00",25329,
"2025-06-15 13:40:00",25330,
"2025-06-15 13:50:00",25252,
"2025-06-15 14:00:00",25376,21856
"2025-06-15 14:10:00",25001,
"2025-06-15 14:20:00",24733,
"2025-06-15 14:30:00",24439,
"2025-06-15 14:40:00",24057,
"2025-06-15 14:50:00",23735,
"2025-06-15 15:00:00",23155,21620
"2025-06-15 15:10:00",22542,
"2025-06-15 15:20:00",21960,
"2025-06-15 15:30:00",21317,
"2025-06-15 15:40:00",20728,
"2025-06-15 15:50:00",19992,
"2025-06-15 16:00:00",19383,21378
"2025-06-15 16:10:00",18630,
"2025-06-15 16:20:00",18014,
"2025-06-15 16:30:00",17466,
"2025-06-15 16:40:00",16891,
"2025-06-15 16:50:00",16450,
"2025-06-15 17:00:00",15982,21209
"2025-06-15 17:10:00",15458,
"2025-06-15 17:20:00",14971,
"2025-06-15 17:30:00",14496,
"2025-06-15 17:40:00",14195,
"2025-06-15 17:50:00",13862,
"2025-06-15 18:00:00",13561,21064
"2025-06-15 18:10:00",13232,
"2025-06-15 18:20:00",13048,
"2025-06-15 18:30:00",12857,
"2025-06-15 18:40:00",12549,
"2025-06-15 18:50:00",12407,
"2025-06-15 19:00:00",12087,20952
"2025-06-15 19:10:00",11898,
"2025-06-15 19:20:00",11659,
"2025-06-15 19:30:00",11434,
"2025-06-15 19:40:00",11275,
"2025-06-15 19:50:00",11100,
"2025-06-15 20:00:00",10918,20861
"2025-06-15 20:10:00",10827,
"2025-06-15 20:20:00",10704,
"2025-06-15 20:30:00",10703,
"2025-06-15 20:40:00",10579,
"2025-06-15 20:50:00",10493,
"2025-06-15 21:00:00",11579,20799
"2025-06-15 21:10:00",12069,
"2025-06-15 21:20:00",11958,
"2025-06-15 21:30:00",11858,
"2025-06-15 21:40:00",11649,
"2025-06-15 21:50:00",11542,
"2025-06-15 22:00:00",11455,20725
"2025-06-15 22:10:00",11508,
"2025-06-15 22:20:00",11443,
"2025-06-15 22:30:00",11346,
"2025-06-15 22:40:00",11210,
"2025-06-15 22:50:00",11142,
"2025-06-15 23:00:00",11105,20613
"2025-06-15 23:10:00",11199,
"2025-06-15 23:20:00",11289,
"2025-06-15 23:30:00",11381,
"2025-06-15 23:40:00",11577,
"2025-06-15 23:50:00",11722,
"2025-06-16 00:00:00",11932,20450
"2025-06-16 00:10:00",12061,
"2025-06-16 00:20:00",12353,
"2025-06-16 00:30:00",12580,
"2025-06-16 00:40:00",12775,
"2025-06-16 00:50:00",13021,
"2025-06-16 01:00:00",13295,20220
"2025-06-16 01:10:00",13658,
"2025-06-16 01:20:00",13981,
"2025-06-16 01:30:00",14215,
"2025-06-16 01:40:00",14502,
"2025-06-16 01:50:00",14736,
"2025-06-16 02:00:00",15061,19939
"2025-06-16 02:10:00",15359,
"2025-06-16 02:20:00",15731,
"2025-06-16 02:30:00",16046,
"2025-06-16 02:40:00",16404,
"2025-06-16 02:50:00",16462,
"2025-06-16 03:00:00",16607,19622
"2025-06-16 03:10:00",16833,
"2025-06-16 03:20:00",16992,
"2025-06-16 03:30:00",17102,
"2025-06-16 03:40:00",17199,
"2025-06-16 03:50:00",17366,
"2025-06-16 04:00:00",17744,19309
"2025-06-16 04:10:00",18143,
"2025-06-16 04:20:00",18574,
"2025-06-16 04:30:00",18995,
"2025-06-16 04:40:00",19141,
"2025-06-16 04:50:00",19109,
"2025-06-16 05:00:00",19014,18984
"2025-06-16 05:10:00",18779,
"2025-06-16 05:20:00",18582,
"2025-06-16 05:30:00",18310,
"2025-06-16 05:40:00",18034,
"2025-06-16 05:50:00",17840,
"2025-06-16 06:00:00",17570,18624
"2025-06-16 06:10:00",17439,
"2025-06-16 06:20:00",17416,
"2025-06-16 06:30:00",17348,
"2025-06-16 06:40:00",17392,
"2025-06-16 06:50:00",17408,
"2025-06-16 07:00:00",17444,18312
"2025-06-16 07:10:00",17464,
"2025-06-16 07:20:00",17468,
"2025-06-16 07:30:00",17533,
"2025-06-16 07:40:00",17645,
"2025-06-16 07:50:00",17755,
"2025-06-16 08:00:00",17958,18064
"2025-06-16 08:10:00",18040,
"2025-06-16 08:20:00",18283,
"2025-06-16 08:30:00",18377,
"2025-06-16 08:40:00",18566,
"2025-06-16 08:50:00",18685,
"2025-06-16 09:00:00",18727,17891
"2025-06-16 09:10:00",18918,
"2025-06-16 09:20:00",19187,
"2025-06-16 09:30:00",19397,
"2025-06-16 09:40:00",19765,
"2025-06-16 09:50:00",20118,
"2025-06-16 10:00:00",20425,17805
"2025-06-16 10:10:00",20776,
"2025-06-16 10:20:00",21092,
"2025-06-16 10:30:00",21569,
"2025-06-16 10:40:00",21890,
"2025-06-16 10:50:00",22269,
"2025-06-16 11:00:00",22492,17747
"2025-06-16 11:10:00",22726,
"2025-06-16 11:20:00",22934,
"2025-06-16 11:30:00",23252,
"2025-06-16 11:40:00",23468,
"2025-06-16 11:50:00",23621,
"2025-06-16 12:00:00",23721,17715
"2025-06-16 12:10:00",23919,
"2025-06-16 12:20:00",24181,
"2025-06-16 12:30:00",24188,
"2025-06-16 12:40:00",24313,
"2025-06-16 12:50:00",24435,
"2025-06-16 13:00:00",24538,17686
"2025-06-16 13:10:00",24655,
"2025-06-16 13:20:00",24694,
"2025-06-16 13:30:00",24618,
"2025-06-16 13:40:00",24610,
"2025-06-16 13:50:00",24684,
"2025-06-16 14:00:00",24595,17655
"2025-06-16 14:10:00",24414,
"2025-06-16 14:20:00",24177,
"2025-06-16 14:30:00",23945,
"2025-06-16 14:40:00",23550,
"2025-06-16 14:50:00",23196,
"2025-06-16 15:00:00",22565,17631
"2025-06-16 15:10:00",21892,
"2025-06-16 15:20:00",21404,
"2025-06-16 15:30:00",20717,
"2025-06-16 15:40:00",20164,
"2025-06-16 15:50:00",19544,
"2025-06-16 16:00:00",18821,17608
"2025-06-16 16:10:00",18115,
"2025-06-16 16:20:00",17552,
"2025-06-16 16:30:00",16925,
"2025-06-16 16:40:00",16349,
"2025-06-16 16:50:00",15882,
"2025-06-16 17:00:00",15378,17583
"2025-06-16 17:10:00",15016,
"2025-06-16 17:20:00",14595,
"2025-06-16 17:30:00",14206,
"2025-06-16 17:40:00",13960,
"2025-06-16 17:50:00",13612,
"2025-06-16 18:00:00",13426,17577
"2025-06-16 18:10:00",13018,
"2025-06-16 18:20:00",12787,
"2025-06-16 18:30:00",12529,
"2025-06-16 18:40:00",12311,
"2025-06-16 18:50:00",12142,
"2025-06-16 19:00:00",11935,17569
"2025-06-16 19:10:00",11764,
"2025-06-16 19:20:00",11599,
"2025-06-16 19:30:00",11545,
"2025-06-16 19:40:00",11427,
"2025-06-16 19:50:00",11242,
"2025-06-16 20:00:00",11064,17574
"2025-06-16 20:10:00",10957,
"2025-06-16 20:20:00",10828,
"2025-06-16 20:30:00",10704,
"2025-06-16 20:40:00",10531,
"2025-06-16 20:50:00",10392,
"2025-06-16 21:00:00",10786,17569
"2025-06-16 21:10:00",11933,
"2025-06-16 21:20:00",11979,
"2025-06-16 21:30:00",11923,
"2025-06-16 21:40:00",11846,
"2025-06-16 21:50:00",11827,
"2025-06-16 22:00:00",11659,17575
"2025-06-16 22:10:00",11631,
"2025-06-16 22:20:00",11604,
"2025-06-16 22:30:00",11572,
"2025-06-16 22:40:00",11572,
"2025-06-16 22:50:00",11574,
"2025-06-16 23:00:00",11446,17579
"2025-06-16 23:10:00",11435,
"2025-06-16 23:20:00",11546,
"2025-06-16 23:30:00",11579,
"2025-06-16 23:40:00",11721,
"2025-06-16 23:50:00",11819,
"2025-06-17 00:00:00",12023,17597
"2025-06-17 00:10:00",12242,
"2025-06-17 00:20:00",12598,
"2025-06-17 00:30:00",12842,
"2025-06-17 00:40:00",13197,
"2025-06-17 00:50:00",13481,
"2025-06-17 01:00:00",13721,17617
"2025-06-17 01:10:00",14029,
"2025-06-17 01:20:00",14323,
"2025-06-17 01:30:00",14678,
"2025-06-17 01:40:00",14905,
"2025-06-17 01:50:00",15228,
"2025-06-17 02:00:00",15609,17627
"2025-06-17 02:10:00",15854,
"2025-06-17 02:20:00",16026,
"2025-06-17 02:30:00",16336,
"2025-06-17 02:40:00",16531,
"2025-06-17 02:50:00",16712,
"2025-06-17 03:00:00",16808,17636
"2025-06-17 03:10:00",16789,
"2025-06-17 03:20:00",17030,
"2025-06-17 03:30:00",17074,
"2025-06-17 03:40:00",17317,
"2025-06-17 03:50:00",17623,
"2025-06-17 04:00:00",17889,17632
"2025-06-17 04:10:00",18239,
"2025-06-17 04:20:00",18650,
"2025-06-17 04:30:00",18943,
"2025-06-17 04:40:00",19020,
"2025-06-17 04:50:00",18992,
"2025-06-17 05:00:00",18879,17624
"2025-06-17 05:10:00",18573,
"2025-06-17 05:20:00",18527,
"2025-06-17 05:30:00",18423,
"2025-06-17 05:40:00",18111,
"2025-06-17 05:50:00",17857,
"2025-06-17 06:00:00",17687,17627
"2025-06-17 06:10:00",17424,
"2025-06-17 06:20:00",17337,
"2025-06-17 06:30:00",17258,
"2025-06-17 06:40:00",17165,
"2025-06-17 06:50:00",17220,
"2025-06-17 07:00:00",17159,17623
"2025-06-17 07:10:00",17293,
"2025-06-17 07:20:00",17322,
"2025-06-17 07:30:00",17431,
"2025-06-17 07:40:00",17510,
"2025-06-17 07:50:00",17647,
"2025-06-17 08:00:00",17845,17622
"2025-06-17 08:10:00",17920,
"2025-06-17 08:20:00",18144,
"2025-06-17 08:30:00",18285,
"2025-06-17 08:40:00",18403,
"2025-06-17 08:50:00",18660,
"2025-06-17 09:00:00",18855,17607
"2025-06-17 09:10:00",19161,
"2025-06-17 09:20:00",19192,
"2025-06-17 09:30:00",19362,
"2025-06-17 09:40:00",19587,
"2025-06-17 09:50:00",19792,
"2025-06-17 10:00:00",20071,17575
"2025-06-17 10:10:00",20431,
"2025-06-17 10:20:00",20683,
"2025-06-17 10:30:00",21017,
"2025-06-17 10:40:00",21351,
"2025-06-17 10:50:00",21562,
"2025-06-17 11:00:00",21766,17553
"2025-06-17 11:10:00",22060,
"2025-06-17 11:20:00",22421,
"2025-06-17 11:30:00",22706,
"2025-06-17 11:40:00",23007,
"2025-06-17 11:50:00",23203,
"2025-06-17 12:00:00",23254,17525
"2025-06-17 12:10:00",23375,
"2025-06-17 12:20:00",23513,
"2025-06-17 12:30:00",23577,
"2025-06-17 12:40:00",23831,
"2025-06-17 12:50:00",23932,
"2025-06-17 13:00:00",24091,17495
"2025-06-17 13:10:00",24174,
"2025-06-17 13:20:00",24185,
"2025-06-17 13:30:00",24148,
"2025-06-17 13:40:00",24081,
"2025-06-17 13:50:00",24151,
"2025-06-17 14:00:00",24118,17466
"2025-06-17 14:10:00",23828,
"2025-06-17 14:20:00",23550,
"2025-06-17 14:30:00",23337,
"2025-06-17 14:40:00",23147,
"2025-06-17 14:50:00",22768,
"2025-06-17 15:00:00",22230,17443
"2025-06-17 15:10:00",21507,
"2025-06-17 15:20:00",20806,
"2025-06-17 15:30:00",20262,
"2025-06-17 15:40:00",19526,
"2025-06-17 15:50:00",18805,
"2025-06-17 16:00:00",18208,17412
"2025-06-17 16:10:00",17457,
"2025-06-17 16:20:00",16854,
"2025-06-17 16:30:00",16357,
"2025-06-17 16:40:00",15835,
"2025-06-17 16:50:00",15351,
"2025-06-17 17:00:00",14864,17390
"2025-06-17 17:10:00",14404,
"2025-06-17 17:20:00",14012,
"2025-06-17 17:30:00",13697,
"2025-06-17 17:40:00",13321,
"2025-06-17 17:50:00",13028,
"2025-06-17 18:00:00",12619,17360
"2025-06-17 18:10:00",12340,
"2025-06-17 18:20:00",12090,
"2025-06-17 18:30:00",11803,
"2025-06-17 18:40:00",11645,
"2025-06-17 18:50:00",11369,
"2025-06-17 19:00:00",11154,17334
"2025-06-17 19:10:00",11102,
"2025-06-17 19:20:00",10946,
"2025-06-17 19:30:00",10745,
"2025-06-17 19:40:00",10633,
"2025-06-17 19:50:00",10531,
"2025-06-17 20:00:00",10462,17318
"2025-06-17 20:10:00",10333,
"2025-06-17 20:20:00",10247,
"2025-06-17 20:30:00",10182,
"2025-06-17 20:40:00",10157,
"2025-06-17 20:50:00",10030,
"2025-06-17 21:00:00",10769,17320
"2025-06-17 21:10:00",11784,
"2025-06-17 21:20:00",11761,
"2025-06-17 21:30:00",11580,
"2025-06-17 21:40:00",11470,
"2025-06-17 21:50:00",11317,
"2025-06-17 22:00:00",11270,17311
"2025-06-17 22:10:00",10323,
"2025-06-17 22:20:00",10981,
"2025-06-17 22:30:00",10992,
"2025-06-17 22:40:00",10951,
"2025-06-17 22:50:00",10904,
"2025-06-17 23:00:00",10912,17308
"2025-06-17 23:10:00",10902,
"2025-06-17 23:20:00",10968,
"2025-06-17 23:30:00",11080,
"2025-06-17 23:40:00",11343,
"2025-06-17 23:50:00",11529,
"2025-06-18 00:00:00",11649,17299
"2025-06-18 00:10:00",11939,
"2025-06-18 00:20:00",12152,
"2025-06-18 00:30:00",12526,
"2025-06-18 00:40:00",12822,
"2025-06-18 00:50:00",13072,
"2025-06-18 01:00:00",13403,17285
"2025-06-18 01:10:00",13616,
"2025-06-18 01:20:00",13879,
"2025-06-18 01:30:00",14158,
"2025-06-18 01:40:00",14494,
"2025-06-18 01:50:00",14753,
"2025-06-18 02:00:00",14999,17257
"2025-06-18 02:10:00",15340,
"2025-06-18 02:20:00",15476,
"2025-06-18 02:30:00",15791,
"2025-06-18 02:40:00",15890,
"2025-06-18 02:50:00",15954,17257